T,"Route Desc","Part Number",Procurement,"Serial Number","Customer Ref",Ordered,"To Ship","Customer PN","Unit Price",Exchange,Cost,"SO Number",Company,Code,Site,Date,Ship,Category,CD,"SO Open","Currency Value","Total Price","Total Cur Price"
S,"Part Sale",JP94779-1,BUY,,,1,0,JP94779-1,595,1,58.27,8658,"Prompt Aero Services, Inc.",PASI1,_,9/1/2009,9/4/2009,_,NE,,595,595,595
J,"Invoice Adjustment",SHIPPING,BUY,,,1,0,SHIPPING,17.56,1,0,8379,"PHS/ MWA Aviation Services",PMAS1,_,9/1/2009,9/1/2009,_,NE,,17.56,17.56,17.56
S,"Part Sale",3165433JP-1,BUY,,,2,0,3165433JP-1,58,1,25.25,8661,"Triumph Accessory Services",TAS2,_,9/1/2009,9/2/2009,_,NE,,58,116,116
S,"Part Sale",88373A,BUY,,,1,0,88373A,621,1,399,8662,"Skywest Airlines",SKYW,_,9/1/2009,9/17/2009,_,NE,,621,621,621
S,"Part Sale",348024JP,BUY,,,10,0,348024JP,44,1,0.46,8663,"Future Aviation Inc.",FAI,_,9/1/2009,9/2/2009,_,NE,,44,440,440
S,"Part Sale",405243JP,BUY,,,10,0,405243JP,77,1,19.95,8663,"Future Aviation Inc.",FAI,_,9/1/2009,9/2/2009,_,NE,,77,770,770
S,"Part Sale",3170331JP-16,BUY,,,1,0,3170331JP-16,3531,1,129.32,8649,"Aero Technologies, LLC",ATL1,_,9/1/2009,9/2/2009,_,NE,,3531,3531,3531
S,"Part Sale",88373A,BUY,,,1,0,88373A,550,1,399,8650,"Pinnacle Airlines",PINA,_,9/1/2009,9/2/2009,_,NE,,550,550,550
S,"Part Sale",88373A,BUY,,,1,0,88373A,550,1,399,8651,"Pinnacle Airlines",PINA,_,9/1/2009,9/2/2009,_,NE,,550,550,550
S,"Part Sale",3183387JP-1,BUY,,,1,0,3183387JP-1,725,1,80.61,8652,"Pneutech Aerospace",PNTA,_,9/1/2009,9/2/2009,_,NE,,725,725,725
S,"Part Sale",297033JP,BUY,,,2,0,297033JP,119,1,33.78,8653,"Niacc-Avitech Technologies",NT1,_,9/1/2009,9/2/2009,_,NE,,119,238,238
S,"Part Sale",405243JP,BUY,,,12,0,405243JP,77,1,19.95,8653,"Niacc-Avitech Technologies",NT1,_,9/1/2009,9/2/2009,_,NE,,77,924,924
S,"Part Sale",570717JP,BUY,,,1,0,570717JP,607.5,1,144.02,8653,"Niacc-Avitech Technologies",NT1,_,9/1/2009,9/2/2009,_,NE,,607.5,607.5,607.5
S,"Part Sale",570729JP,BUY,,,4,0,570729JP,472.5,1,163,8653,"Niacc-Avitech Technologies",NT1,_,9/1/2009,9/2/2009,_,NE,,472.5,1890,1890
S,"Part Sale",3507463JP-1,BUY,,,2,0,3507463JP-1,8750,1,1750,8654,"Delta Air Lines, Inc.",DALI1,_,9/1/2009,9/2/2009,_,NE,,8750,17500,17500
S,"Part Sale",P00022,BUY,,,6,0,P00022,133,1,85.5,8655,"Delta Air Lines, Inc.",DALI1,_,9/1/2009,9/2/2009,_,NE,,133,798,798
S,"Part Sale",P00789,BUY,,,9,0,P00789,23.8,1,17.43,8656,"Delta Air Lines, Inc.",DALI1,_,9/1/2009,9/2/2009,_,NE,,23.8,214.2,214.2
S,"Part Sale",1700199JP,BUY,,,10,0,1700199JP,2250,1,658.13,8657,"Future Aviation Inc.",FAI,_,9/1/2009,9/2/2009,_,NE,,2250,22500,22500
S,"Part Sale",S5574-1,BUY,,,25,0,S5574-1,30,1,20.5,8660,Comair,COMAIR,_,9/1/2009,9/1/2009,_,NE,,30,750,750
S,"Part Sale",3163268JP-11,BUY,,,1,0,3163268JP-11,179,1,54,8664,"APS Air Parts ",AAP1,_,9/2/2009,9/2/2009,_,NE,,179,179,179
S,"Part Sale",601R10179JP-1,BUY,,,11,0,601R10179JP-1,29,1,21,8665,"Pinnacle Airlines",PINA,_,9/2/2009,9/3/2009,_,NE,,29,319,319
S,"Part Sale",3175956JP-3,BUY,,,3,0,3175956JP-3,1749,1,241.68,8666,"Aero Inventory",AI1,_,9/2/2009,9/24/2009,_,NE,,1749,5247,5247
S,"Part Sale",601R21145JP-1,BUY,,,3,0,601R21145JP-1,120,1,52.4,8667,"Skywest Airlines",SKYW,_,9/2/2009,9/4/2009,_,NE,,120,360,360
S,"Part Sale",3181768JP-1,BUY,,,50,0,3181768JP-1,460,1,121.69,8668,"ANA Trading Corp.",ATC1,_,9/2/2009,9/11/2009,_,NE,,460,23000,23000
S,"Part Sale",1115V0360,BUY,,6761071,2,0,1115V0360,0,1,0,8456,"Delta Air Lines, Inc.",DALI1,_,9/2/2009,9/2/2009,_,BO,,0,0,0
S,"Part Sale",GG670-80005JP-3,BUY,,,2,0,GG670-80005JP-3,1425.72,1,337,8670,Comair,COMAIR,_,9/2/2009,9/3/2009,_,NE,,1425.72,2851.44,2851.44
S,"Part Sale",1115V0108,BUY,,6761071,1,0,1115V0108,0,1,0,8456,"Delta Air Lines, Inc.",DALI1,_,9/2/2009,9/2/2009,_,BO,,0,0,0
S,"Part Sale",1115V0111,BUY,,6761071,4,0,1115V0111,0,1,0,8456,"Delta Air Lines, Inc.",DALI1,_,9/2/2009,9/2/2009,_,BO,,0,0,0
S,"Part Sale",1115V0305,BUY,,6761071,5,0,1115V0305,0,1,0,8456,"Delta Air Lines, Inc.",DALI1,_,9/2/2009,9/2/2009,_,BO,,0,0,0
S,"Part Sale",601R21145JP-2,BUY,,,3,0,601R21145JP-2,135,1,53.9,8669,"Skywest Airlines",SKYW,_,9/2/2009,9/4/2009,_,NE,,135,405,405
S,"Part Sale",M6500AC-8,BUY,,,10,0,M6500AC-8,41,1,28,8678,Comair,COMAIR,_,9/3/2009,9/3/2009,_,NE,,41,410,410
S,"Part Sale",P00731,BUY,,,4,0,P00731,177.1,1,133.63,8677,"Delta Air Lines, Inc.",DALI1,_,9/3/2009,9/4/2009,_,NE,,177.1,708.4,708.4
S,"Part Sale",APM3864070-503,BUY,,,7,0,APM3864070-503,235,1,160,8679,Comair,COMAIR,_,9/3/2009,9/3/2009,_,NE,,235,1645,1645
S,"Part Sale",APM9EL455051-03,BUY,,,1,0,APM9EL455051-03,3000,1,2150,8680,Comair,COMAIR,_,9/3/2009,9/3/2009,_,NE,,3000,3000,3000
S,"Part Sale",95D94-1FA,BUY,,,1,0,95D94-1FA,275,1,188.75,8681,"World Wide Accessories",WWA,_,9/3/2009,9/4/2009,_,NE,,275,275,275
S,"Part Sale",3177656JP-1,BUY,,,2,0,3177656JP-1,147,1,14.3,8682,"Delta Air Lines, Inc.",DALI1,_,9/3/2009,9/4/2009,_,NE,,147,294,294
S,"Part Sale",3179816JP-1,BUY,,,19,0,3179816JP-1,114,1,32,8683,"Delta Air Lines, Inc.",DALI1,_,9/3/2009,9/4/2009,_,NE,,114,2166,2166
S,"Part Sale",974386JP-6,BUY,,,11,0,974386JP-6,557,1,87.95,8685,"Delta Air Lines, Inc.",DALI1,_,9/3/2009,9/22/2009,_,NE,,557,6127,6127
S,"Part Sale",3173777JP-2,BUY,,,5,0,3173777JP-2,129,1,60,8686,"Delta Air Lines, Inc.",DALI1,_,9/3/2009,9/4/2009,_,NE,,129,645,645
S,"Part Sale",753314JP-6,BUY,,,16,0,753314JP-6,150,1,61.5,8687,"Delta Air Lines, Inc.",DALI1,_,9/3/2009,9/4/2009,_,NE,,150,2400,2400
S,"Part Sale",755265JP,BUY,,,8,0,755265JP,428,1,0,8688,"Delta Air Lines, Inc.",DALI1,_,9/3/2009,,_,NE,X,428,3424,3424
S,"Part Sale",5697425JP,BUY,,,2,0,5697425JP,380,1,114.35,8689,"Delta Air Lines, Inc.",DALI1,_,9/3/2009,9/4/2009,_,NE,,380,760,760
S,"Part Sale",P00511,BUY,,,10,0,P00511,75,1,43.5,8690,"Delta Air Lines, Inc.",DALI1,_,9/3/2009,9/4/2009,_,NE,,75,750,750
S,"Part Sale",3181768JP-1,BUY,,,100,34,3181768JP-1,392,1,69.03,8691,"Lufthansa Technik",LT1,_,9/3/2009,,_,NE,X,392,39200,39200
S,"Part Sale",740369JP-20,BUY,,,1,0,740369JP-20,265,1,119.05,8692,"Quality Aircraft Parts,Inc",QAP1,_,9/3/2009,9/4/2009,_,NE,,265,265,265
S,"Part Sale",3163268JP-4,BUY,,,2,0,3163268JP-4,155,1,44,8693,"AAR Aircraft Components Services",AACS2,_,9/3/2009,9/4/2009,_,NE,,155,310,310
S,"Part Sale",228-58410-103JP,BUY,,,2,0,228-58410-103JP,72,1,14.33,8694,"Pinnacle Airlines",PINA,_,9/3/2009,9/4/2009,_,NE,,72,144,144
S,"Part Sale",3181768JP-1,BUY,,,15,0,3181768JP-1,488,1,56.44,8684,"Delta Air Lines, Inc.",DALI1,_,9/3/2009,9/4/2009,_,NE,,488,7320,7320
S,"Part Sale",3181768JP-1,BUY,,,18,0,3181768JP-1,488,1,56.44,8695,"Delta Air Lines, Inc.",DALI1,_,9/3/2009,9/4/2009,_,NE,,488,8784,8784
S,"Part Sale",755265,BUY,,,3,0,755265,0,1,1045,8696,"Delta Air Lines, Inc.",DALI1,_,9/3/2009,9/11/2009,_,NE,,0,0,0
S,"Part Sale",858885JP-3,BUY,,,20,0,858885JP-3,21,1,8.37,8697,"Accessory Technologies Corporation",ATC,_,9/3/2009,9/4/2009,_,NE,,21,420,420
S,"Part Sale",3163268JP-4,BUY,,,4,0,3163268JP-4,155,1,44,8697,"Accessory Technologies Corporation",ATC,_,9/3/2009,9/4/2009,_,NE,,155,620,620
S,"Part Sale",88373A,BUY,,,3,0,88373A,621,1,399,8671,"Skywest Airlines",SKYW,_,9/3/2009,9/4/2009,_,NE,,621,1863,1863
S,"Part Sale",297033JP,BUY,,,1,0,297033JP,119,1,33.78,8672,"Niacc-Avitech Technologies",NT1,_,9/3/2009,9/4/2009,_,NE,,119,119,119
S,"Part Sale",570717JP,BUY,,,1,0,570717JP,607.5,1,144.02,8672,"Niacc-Avitech Technologies",NT1,_,9/3/2009,9/4/2009,_,NE,,607.5,607.5,607.5
S,"Part Sale",570717JP,BUY,,,1,0,570717JP,607.5,1,144.02,8672,"Niacc-Avitech Technologies",NT1,_,9/3/2009,9/4/2009,_,NE,,607.5,607.5,607.5
S,"Part Sale",5843138JP-101,BUY,,,2,0,5843138JP-101,180,1,42,8673,"Delta Air Lines, Inc.",DALI1,_,9/3/2009,9/4/2009,_,NE,,180,360,360
S,"Part Sale",3173777JP-2,BUY,,,5,0,3173777JP-2,129,1,60,8674,"Delta Air Lines, Inc.",DALI1,_,9/3/2009,9/4/2009,_,NE,,129,645,645
S,"Part Sale",P00082,BUY,,,61,0,P00082,18,1,7.88,8675,"Delta Air Lines, Inc.",DALI1,_,9/3/2009,9/4/2009,_,NE,,18,1098,1098
S,"Part Sale",110968JP,BUY,,,1,0,110968JP,143,1,33.23,8676,"Delta Air Lines, Inc.",DALI1,_,9/3/2009,9/4/2009,_,NE,,143,143,143
S,"Part Sale",M6500AC-9,BUY,,,10,0,M6500AC-9,41,1,31,8678,Comair,COMAIR,_,9/3/2009,9/3/2009,_,NE,,41,410,410
S,"Part Sale",88373A,BUY,,,2,0,88373A,621,1,399,8699,"Skywest Airlines",SKYW,_,9/4/2009,9/9/2009,_,NE,,621,1242,1242
S,"Part Sale",FA07-43700-6,BUY,,,1,0,FA07-43700-6,1150,1,868.25,8714,"Accessory Technologies Corporation",ATC,_,9/4/2009,9/4/2009,_,NE,,1150,1150,1150
S,"Part Sale",858886JP-42,BUY,,,100,0,858886JP-42,82,1,36,8701,"Lufthansa Technik",LT1,_,9/4/2009,9/16/2009,_,NE,,82,8200,8200
S,"Part Sale",3163812JP-4,BUY,,,10,0,3163812JP-4,340,1,48,8702,"Lufthansa Technik",LT1,_,9/4/2009,9/16/2009,_,NE,,340,3400,3400
S,"Part Sale",887346JP,BUY,,,1,0,887346JP,219,1,109,8703,"AAR Aircraft Components Services",AACS2,_,9/4/2009,9/4/2009,_,NE,,219,219,219
S,"Part Sale",110968JP,BUY,,,6,0,110968JP,143,1,33.23,8704,"Delta Air Lines, Inc.",DALI1,_,9/4/2009,9/4/2009,_,NE,,143,858,858
S,"Part Sale",106736JP,BUY,,,6,0,106736JP,586,1,71,8705,"Delta Air Lines, Inc.",DALI1,_,9/4/2009,9/4/2009,_,NE,,586,3516,3516
S,"Part Sale",88373A,BUY,,,4,0,88373A,621,1,399,8706,"Skywest Airlines",SKYW,_,9/4/2009,9/10/2009,_,NE,,621,2484,2484
S,"Part Sale",151270JP,BUY,,,5,0,151270JP,80,1,36.13,8707,"Aero Controls, Inc.",ACI1,_,9/4/2009,9/4/2009,_,NE,,80,400,400
S,"Part Sale",152532JP,BUY,,,5,0,152532JP,47,1,9.65,8707,"Aero Controls, Inc.",ACI1,_,9/4/2009,9/4/2009,_,NE,,47,235,235
S,"Part Sale",645133JP-2,BUY,,,1,0,645133JP-2,1595,1,713.46,8707,"Aero Controls, Inc.",ACI1,_,9/4/2009,9/4/2009,_,NE,,1595,1595,1595
S,"Part Sale",3163268JP-11,BUY,,,4,0,3163268JP-11,143.1,1,54,8708,"Aerotron Airpower",AA2,_,9/4/2009,10/5/2009,_,NE,,143.1,572.4,572.4
S,"Part Sale",3165433JP-1,BUY,,,1,1,3165433JP-1,54,1,25.25,8709,"Aerotron Airpower",AA2,_,9/4/2009,,_,NE,X,54,54,54
S,"Part Sale",3165433JP-1,BUY,,,1,1,3165433JP-1,54,1,25.25,8710,"Aerotron Airpower",AA2,_,9/4/2009,,_,NE,X,54,54,54
S,"Part Sale",601R21145JP-2,BUY,,,6,0,601R21145JP-2,135,1,53.9,8711,"Pinnacle Airlines",PINA,_,9/4/2009,9/4/2009,_,NE,,135,810,810
S,"Part Sale",106712JP,BUY,,,2,0,106712JP,403,1,69.11,8712,"Northwings Accessories Corp.",NA1,_,9/4/2009,9/4/2009,_,NE,,403,806,806
S,"Part Sale",107552JP,BUY,,,2,0,107552JP,498,1,107.63,8712,"Northwings Accessories Corp.",NA1,_,9/4/2009,9/4/2009,_,NE,,498,996,996
S,"Part Sale",3183387JP-1,BUY,,,1,0,3183387JP-1,725,1,80.61,8713,"Northwings Accessories Corp.",NA1,_,9/4/2009,9/4/2009,_,NE,,725,725,725
S,"Part Sale",3163268JP-9,BUY,,,1,0,3163268JP-9,295,1,32,8713,"Northwings Accessories Corp.",NA1,_,9/4/2009,9/4/2009,_,NE,,295,295,295
S,"Part Sale",740925JP-6,BUY,,,2,0,740925JP-6,71,1,6.5,8714,"Accessory Technologies Corporation",ATC,_,9/4/2009,9/4/2009,_,NE,,71,142,142
S,"Part Sale",SYLC1532FA,BUY,,,3,0,SYLC1532FA,350,1,264.25,8714,"Accessory Technologies Corporation",ATC,_,9/4/2009,9/4/2009,_,NE,,350,1050,1050
S,"Part Sale",JP94779-1,BUY,,,5,0,JP94779-1,539,1,58.27,8700,"Aero Nusantara Indonesia",A24,_,9/4/2009,9/18/2009,_,NE,,539,2695,2695
S,"Part Sale",690200JP-4,BUY,,,25,0,690200JP-4,310,1,50.25,8715,"Lufthansa Technik",LT1,_,9/8/2009,9/23/2009,_,NE,,310,7750,7750
S,"Part Sale",3234178-2,BUY,,,1,0,3234178-2,604,1,715.5,8730,"Triumph Accessory Services",TAS2,_,9/8/2009,9/9/2009,_,NE,,604,604,604
S,"Part Sale",3177656JP-1,BUY,,,50,0,3177656JP-1,49,1,14.3,8717,"Lufthansa Technik",LT1,_,9/8/2009,9/17/2009,_,NE,,49,2450,2450
S,"Part Sale",848525JP,BUY,,,2,2,848525JP,2925,1,1990,8718,"Lufthansa Technik",LT1,_,9/8/2009,,_,NE,X,2925,5850,5850
S,"Part Sale",848525JP,BUY,,,2,0,848525JP,5200,1,1990,8719,"AAR Aircraft Components Services",AACS2,_,9/8/2009,9/9/2009,_,NE,,5200,10400,10400
S,"Part Sale",601R21145JP-1,BUY,,,4,0,601R21145JP-1,120,1,52.4,8720,"Skywest Airlines",SKYW,_,9/8/2009,9/10/2009,_,NE,,120,480,480
S,"Part Sale",797774JP-2,BUY,,,3,0,797774JP-2,679,1,177.07,8721,"Delta Air Lines, Inc.",DALI1,_,9/8/2009,9/9/2009,_,NE,,679,2037,2037
S,"Part Sale",2686130JP,BUY,,,1,0,2686130JP,1575.6,1,398,8722,"Delta Air Lines, Inc.",DALI1,_,9/8/2009,9/9/2009,_,NE,,1575.6,1575.6,1575.6
S,"Part Sale",151267JP,BUY,,,2,0,151267JP,68,1,13.09,8723,"Delta Air Lines, Inc.",DALI1,_,9/8/2009,9/9/2009,_,NE,,68,136,136
S,"Part Sale",4110351JP-3,BUY,,,3,0,4110351JP-3,600,1,68.94,8724,"Delta Air Lines, Inc.",DALI1,_,9/8/2009,9/9/2009,_,NE,,600,1800,1800
S,"Part Sale",P00324,BUY,,,16,0,P00324,26.5,1,12.86,8725,"Delta Air Lines, Inc.",DALI1,_,9/8/2009,9/9/2009,_,NE,,26.5,424,424
S,"Part Sale",3179746JP-1,BUY,,,1,0,3179746JP-1,597,1,102.8,8726,"Thrust-Tech Aviation, Inc.",TAI1,_,9/8/2009,9/9/2009,_,NE,,597,597,597
S,"Part Sale",778839JP-20,BUY,,,3,0,778839JP-20,252,1,70.37,8727,"Delta Air Lines, Inc.",DALI1,_,9/8/2009,9/9/2009,_,NE,,252,756,756
O,Overhaul,228-50072-801JP,BUY,,,3,0,228-50072-801JP,2395,1,378,8728,"Poly-Fiber Enterprises",PE4,_,9/8/2009,9/9/2009,_,NE,,2395,7185,7185
S,"Part Sale",348024JP,BUY,,,6,0,348024JP,44,1,0.46,8729,"Niacc-Avitech Technologies",NT1,_,9/8/2009,9/9/2009,_,NE,,44,264,264
S,"Part Sale",3170719JP-1,BUY,,,2,0,3170719JP-1,985,1,286,8716,"Lufthansa Technik",LT1,_,9/8/2009,9/18/2009,_,NE,,985,1970,1970
S,"Part Sale",601R21145JP-2,BUY,,,5,0,601R21145JP-2,135,1,53.9,8731,"Skywest Airlines",SKYW,_,9/9/2009,9/11/2009,_,NE,,135,675,675
S,"Part Sale",754691JP-1,BUY,,,1,0,754691JP-1,475,1,295,8732,"Mesa Airlines",MA3,_,9/9/2009,9/11/2009,_,NE,,475,475,475
S,"Part Sale",88373A,BUY,,,2,0,88373A,795,1,399,8733,"Mesa Airlines",MA3,_,9/9/2009,9/11/2009,_,NE,,795,1590,1590
S,"Part Sale",754691JP-1,BUY,,,2,0,754691JP-1,475,1,295,8734,"Mesa Airlines",MA3,_,9/9/2009,9/11/2009,_,NE,,475,950,950
S,"Part Sale",3234714JP-3,BUY,,,1,0,3234714JP-3,577,1,195,8735,"Equip Aero",EQA,_,9/9/2009,9/10/2009,_,NE,,577,577,577
S,"Part Sale",3234714JP-4,BUY,,,1,0,3234714JP-4,643,1,195,8735,"Equip Aero",EQA,_,9/9/2009,9/10/2009,_,NE,,643,643,643
S,"Part Sale",3177934JP-1,BUY,,,8,0,3177934JP-1,355,1,78.75,8741,"Avborne Accessory Group, Inc.",AAGI1,_,9/9/2009,9/10/2009,_,NE,,355,2840,2840
S,"Part Sale",778839JP-20,BUY,,,10,0,778839JP-20,200,1,70.37,8737,"Aerospace Coatings International",AC4,_,9/9/2009,9/10/2009,_,NE,,200,2000,2000
S,"Part Sale",KJB991203V,BUY,,,20,0,KJB991203V,41.83,1,17,8738,Comair,COMAIR,_,9/9/2009,9/9/2009,_,NE,,41.83,836.6,836.6
S,"Part Sale",KJB991303V,BUY,,,2,0,KJB991303V,38.74,1,21.25,8738,Comair,COMAIR,_,9/9/2009,9/9/2009,_,NE,,38.74,77.48,77.48
S,"Part Sale",848525JP,BUY,,,1,0,848525JP,5695,1,1990,8739,"GSO Aviation, Inc.",GAI1,_,9/9/2009,9/24/2009,_,NE,,5695,5695,5695
S,"Part Sale",3179816JP-1,BUY,,,4,0,3179816JP-1,87,1,32,8740,"Aero Technologies, LLC",ATL1,_,9/9/2009,9/10/2009,_,NE,,87,348,348
S,"Part Sale",740369JP-20,BUY,,,1,0,740369JP-20,276,1,119.05,8740,"Aero Technologies, LLC",ATL1,_,9/9/2009,9/10/2009,_,NE,,276,276,276
S,"Part Sale",540-1621JP-1,BUY,,,5,0,540-1621JP-1,749,1,66.69,8736,"Lufthansa Technik",LT1,_,9/9/2009,9/24/2009,_,NE,,749,3745,3745
S,"Part Sale",SYLC1532FA,BUY,,,1,0,SYLC1532FA,412.5,1,264.25,8743,"Precision Electronics",PE2,_,9/10/2009,9/11/2009,_,NE,,412.5,412.5,412.5
S,"Part Sale",754691JP-1,BUY,,,1,0,754691JP-1,475,1,295,8745,"Stewart-Haas Racing, LLC",SRL1,,9/10/2009,9/11/2009,_,NE,,475,475,475
S,"Part Sale",3029021JP-001,BUY,,,10,0,3029021JP-001,67,1,0.36,8746,"Future Aviation Inc.",FAI,_,9/10/2009,9/11/2009,_,NE,,67,670,670
S,"Part Sale",974345JP,BUY,,,10,0,974345JP,69,1,0.55,8746,"Future Aviation Inc.",FAI,_,9/10/2009,9/11/2009,_,NE,,69,690,690
S,"Part Sale",601R10179JP-1,BUY,,,4,0,601R10179JP-1,29,1,21,8747,"Pinnacle Airlines",PINA,_,9/10/2009,9/11/2009,_,NE,,29,116,116
S,"Part Sale",3238470JP-23,BUY,,,4,0,3238470JP-23,101,1,25.64,8748,"AAR  Amsterdam",A18,_,9/10/2009,9/11/2009,_,NE,,101,404,404
S,"Part Sale",APM9EL410511-04,BUY,,,1,0,APM9EL410511-04,2500,1,1600,8753,Comair,COMAIR,_,9/10/2009,10/5/2009,_,NE,,2500,2500,2500
S,"Part Sale",601-37039-1JP,BUY,,,25,0,601-37039-1JP,103,1,27.5,8744,Comair,COMAIR,_,9/10/2009,9/10/2009,_,NE,,103,2575,2575
S,"Part Sale",3161767JP-7,BUY,,,20,0,3161767JP-7,79,1,20.75,8750,"Aero Technologies, LLC",ATL1,_,9/10/2009,9/11/2009,_,NE,,79,1580,1580
S,"Part Sale",3170331JP-16,BUY,,,5,0,3170331JP-16,3531,1,154.88,8750,"Aero Technologies, LLC",ATL1,_,9/10/2009,9/11/2009,_,NE,,3531,17655,17655
S,"Part Sale",974386JP-6,BUY,,,15,0,974386JP-6,420,1,87.95,8750,"Aero Technologies, LLC",ATL1,_,9/10/2009,9/11/2009,_,NE,,420,6300,6300
S,"Part Sale",3163666JP-4,BUY,,,1,0,3163666JP-4,95,1,35,8751,"Sherwood Avionics and Accessories",SAaA1,_,9/10/2009,9/11/2009,_,NE,,95,95,95
O,Overhaul,228-50072-801JP,BUY,,,3,0,228-50072-801JP,2395,1,378,8752,"Poly-Fiber Enterprises",PE4,_,9/10/2009,9/11/2009,_,NE,,2395,7185,7185
S,"Part Sale",S5574-1,BUY,,,20,0,S5574-1,30,1,20.5,8744,Comair,COMAIR,_,9/10/2009,9/10/2009,_,NE,,30,600,600
S,"Part Sale",P00305,BUY,,,33,0,P00305,43,1,27.5,8754,"Delta Air Lines, Inc.",DALI1,_,9/11/2009,9/18/2009,_,NE,,43,1419,1419
S,"Part Sale",3179515JP-1,BUY,,,1,0,3179515JP-1,1889,1,99.37,8768,"Aero Pneudraulics, Inc.",API,_,9/11/2009,9/15/2009,_,NE,,1889,1889,1889
S,"Part Sale",3238470JP-21,BUY,,,1,0,3238470JP-21,2484,1,521.95,8756,"Northwings Accessories Corp.",NA1,_,9/11/2009,9/11/2009,_,NE,,2484,2484,2484
S,"Part Sale",3238470JP-21,BUY,,,1,0,3238470JP-21,2484,1,521.95,8756,"Northwings Accessories Corp.",NA1,_,9/11/2009,9/11/2009,_,NE,,2484,2484,2484
S,"Part Sale",3238470JP-21,BUY,,,1,0,3238470JP-21,2484,1,521.95,8756,"Northwings Accessories Corp.",NA1,_,9/11/2009,9/11/2009,_,NE,,2484,2484,2484
S,"Part Sale",2793916JP-101,BUY,,,1,0,2793916JP-101,585,1,39.16,8757,"EMC Aerospace",EA2,_,9/11/2009,9/11/2009,_,NE,,585,585,585
S,"Part Sale",601R21145JP-2,BUY,,,3,0,601R21145JP-2,135,1,53.9,8758,"Skywest Airlines",SKYW,_,9/11/2009,9/16/2009,_,NE,,135,405,405
S,"Part Sale",66877JP,BUY,,,1,0,66877JP,979,1,453,8759,"Med-craft, Inc",MI1,_,9/11/2009,9/11/2009,_,NE,,979,979,979
S,"Part Sale",38021500,BUY,,,1,0,38021500,1520,1,1178,8760,"Abraxsis Technologies, LLC",ATL2,,9/11/2009,10/5/2009,_,NE,,1520,1520,1520
S,"Part Sale",3238470JP-21,BUY,,,1,0,3238470JP-21,2484,1,521.95,8761,"Northwings Accessories Corp.",NA1,_,9/11/2009,9/18/2009,_,NE,X,2484,2484,2484
S,"Part Sale",3238470JP-21,BUY,,,2,0,3238470JP-21,2484,1,0,8761,"Northwings Accessories Corp.",NA1,_,9/11/2009,,_,NE,X,2484,4968,4968
S,"Part Sale",5009061JP,BUY,,,1,0,5009061JP,219,1,61.98,8762,"BSA INTL AEROSPACE",BIA1,_,9/11/2009,9/14/2009,_,NE,,219,219,219
S,"Part Sale",5009062JP,BUY,,,1,0,5009062JP,199,1,61.98,8762,"BSA INTL AEROSPACE",BIA1,_,9/11/2009,9/14/2009,_,NE,,199,199,199
S,"Part Sale",540-0364JP-1,BUY,,,1,0,540-0364JP-1,249,1,62.75,8763,"Northeast Aero Compressor",NAC1,_,9/11/2009,9/15/2009,_,NE,,249,249,249
S,"Part Sale",857626JP-4,BUY,,,6,0,857626JP-4,112,1,13.32,8764,"American Airlines, INC",AAIR,_,9/11/2009,9/15/2009,_,NE,,112,672,672
S,"Part Sale",5750140FA,BUY,,,4,0,5750140FA,450,1,339.75,8765,"Accessory Technologies Corporation",ATC,_,9/11/2009,9/11/2009,_,NE,,450,1800,1800
S,"Part Sale",858886JP-14,BUY,,,1,0,858886JP-14,72,1,31,8766,"Avborne Accessory Group, Inc.",AAGI1,_,9/11/2009,9/11/2009,_,NE,,72,72,72
S,"Part Sale",3175956JP-3,BUY,,,1,0,3175956JP-3,1749,1,241.68,8767,"GA Telesis CR Group SE, LLC",CW1,_,9/11/2009,9/15/2009,_,NE,,1749,1749,1749
S,"Part Sale",3179407JP-1,BUY,,,1,0,3179407JP-1,3095,1,494.25,8768,"Aero Pneudraulics, Inc.",API,_,9/11/2009,9/15/2009,_,NE,,3095,3095,3095
S,"Part Sale",3179408JP-2,BUY,,,1,0,3179408JP-2,1588,1,567.37,8768,"Aero Pneudraulics, Inc.",API,_,9/11/2009,9/15/2009,_,NE,,1588,1588,1588
S,"Part Sale",JP94779-1,BUY,,,1,0,JP94779-1,595,1,58.27,8755,"Florida Aircraft Systems",FAS1,_,9/11/2009,9/11/2009,_,NE,,595,595,595
M,"Credit Memo",297033JP,BUY,,,-1,0,297033JP,128,1,33.78,6824,"Aerotron Airpower",AA2,_,9/14/2009,9/14/2009,_,NE,,128,-128,-128
M,"Credit Memo",297033JP,BUY,,,-2,0,297033JP,128,1,33.78,7035,"Aerotron Airpower",AA2,_,9/14/2009,9/14/2009,_,NE,,128,-256,-256
S,"Part Sale",3163811JP-7,BUY,,,3,3,3163811JP-7,115,1,29.1,8771,"Aerotron Airpower",AA2,_,9/14/2009,,_,NE,X,115,345,345
S,"Part Sale",P00725,BUY,,,1,0,P00725,376,1,144,8770,"Delta Air Lines, Inc.",DALI1,_,9/14/2009,9/17/2009,_,NE,,376,376,376
S,"Part Sale",5883174JP-101,BUY,,,1,0,5883174JP-101,209,1,8.43,8772,"Aero Technologies, LLC",ATL1,_,9/14/2009,9/15/2009,_,NE,,209,209,209
S,"Part Sale",2047168-8FA,BUY,,,4,0,2047168-8FA,159,1,127.6,8769,"Aero Technologies, LLC",ATL1,_,9/14/2009,9/15/2009,_,NE,,159,636,636
S,"Part Sale",JP94779-1,BUY,,,1,0,JP94779-1,595,1,58.27,8773,"Med-craft, Inc",MI1,_,9/15/2009,9/16/2009,_,NE,,595,595,595
M,"Credit Memo",755265JP,BUY,,,-9,0,755265JP,428,1,105.43,5640,"Delta Air Lines, Inc.",DALI1,_,9/15/2009,9/15/2009,_,NE,X,428,-3852,-3852
S,"Part Sale",297033JP,BUY,,,2,0,297033JP,119,1,33.78,8775,"Niacc-Avitech Technologies",NT1,_,9/15/2009,9/16/2009,_,NE,,119,238,238
S,"Part Sale",570717JP,BUY,,,2,0,570717JP,607.5,1,144.02,8775,"Niacc-Avitech Technologies",NT1,_,9/15/2009,9/16/2009,_,NE,,607.5,1215,1215
S,"Part Sale",88373A,BUY,,,1,0,88373A,795,1,399,8776,"Airstart Regional Spares",AI12,_,9/15/2009,9/15/2009,_,NE,,795,795,795
S,"Part Sale",3170719JP-1,BUY,,,2,0,3170719JP-1,985,1,286,8777,"Lufthansa Technik",LT1,_,9/15/2009,9/25/2009,_,NE,,985,1970,1970
S,"Part Sale",3507463JP-1,BUY,,,2,0,3507463JP-1,8750,1,1750,8778,"Delta Air Lines, Inc.",DALI1,_,9/15/2009,9/17/2009,_,NE,,8750,17500,17500
S,"Part Sale",3163811JP-5,BUY,,,7,0,3163811JP-5,50,1,20.28,8779,"Delta Air Lines, Inc.",DALI1,_,9/15/2009,9/16/2009,_,NE,,50,350,350
S,"Part Sale",806164JP-1,BUY,,,15,0,806164JP-1,13,1,9.2,8780,"Delta Air Lines, Inc.",DALI1,_,9/15/2009,9/16/2009,_,NE,,13,195,195
S,"Part Sale",3179816JP-1,BUY,,,10,0,3179816JP-1,114,1,32,8781,"Delta Air Lines, Inc.",DALI1,_,9/15/2009,9/16/2009,_,NE,,114,1140,1140
S,"Part Sale",750407JP-5,BUY,,,6,0,750407JP-5,240,1,38.39,8782,"Delta Air Lines, Inc.",DALI1,_,9/15/2009,9/16/2009,_,NE,,240,1440,1440
S,"Part Sale",3179818JP-1,BUY,,,4,0,3179818JP-1,270,1,26.5,8783,"Delta Air Lines, Inc.",DALI1,_,9/15/2009,9/16/2009,_,NE,,270,1080,1080
S,"Part Sale",5823512JP-101,BUY,,,1,0,5823512JP-101,288,1,71,8784,"Delta Air Lines, Inc.",DALI1,_,9/15/2009,9/16/2009,_,NE,,288,288,288
S,"Part Sale",569743JP,BUY,,,2,0,569743JP,334,1,96.65,8785,"Delta Air Lines, Inc.",DALI1,_,9/15/2009,9/16/2009,_,NE,,334,668,668
S,"Part Sale",P00789,BUY,,,9,0,P00789,23.8,1,17.43,8786,"Delta Air Lines, Inc.",DALI1,_,9/15/2009,9/16/2009,_,NE,,23.8,214.2,214.2
S,"Part Sale",2793921JP-101,BUY,,,5,0,2793921JP-101,633,1,53,8787,"Aero Technologies, LLC",ATL1,_,9/15/2009,9/16/2009,_,NE,,633,3165,3165
S,"Part Sale",3182887JP-1,BUY,,,3,0,3182887JP-1,875,1,50.11,8787,"Aero Technologies, LLC",ATL1,_,9/15/2009,9/16/2009,_,NE,,875,2625,2625
S,"Part Sale",3182888JP-1,BUY,,,2,0,3182888JP-1,880,1,53.95,8787,"Aero Technologies, LLC",ATL1,_,9/15/2009,9/16/2009,_,NE,,880,1760,1760
S,"Part Sale",774605JP-3,BUY,,,2,0,774605JP-3,435,1,77.78,8787,"Aero Technologies, LLC",ATL1,_,9/15/2009,9/16/2009,_,NE,,435,870,870
S,"Part Sale",3507560JP-4,BUY,,,3,0,3507560JP-4,398,1,110,8788,"Summit Accessory Services, Inc",SASI1,_,9/15/2009,9/16/2009,_,NE,,398,1194,1194
S,"Part Sale",3163812JP-2,BUY,,,2,0,3163812JP-2,315,1,48,8789,"Consolidated Aircraft Supply",CASUP,_,9/15/2009,9/16/2009,_,NE,,315,630,630
S,"Part Sale",601R10179JP-1,BUY,,,3,0,601R10179JP-1,29,1,21,8790,"Pinnacle Airlines",PINA,_,9/15/2009,9/16/2009,_,NE,,29,87,87
S,"Part Sale",601R21145JP-2,BUY,,,5,0,601R21145JP-2,135,1,53.9,8791,"Pinnacle Airlines",PINA,_,9/15/2009,9/16/2009,_,NE,,135,675,675
S,"Part Sale",3179746JP-1,BUY,,,3,0,3179746JP-1,597,1,102.8,8792,"Accessory Technologies Corporation",ATC,_,9/15/2009,9/16/2009,_,NE,,597,1791,1791
S,"Part Sale",88373A,BUY,,,3,0,88373A,550,1,399,8793,"Pinnacle Airlines",PINA,_,9/15/2009,9/17/2009,_,NE,,550,1650,1650
S,"Part Sale",601R21145JP-2,BUY,,,5,0,601R21145JP-2,135,1,53.9,8774,"Skywest Airlines",SKYW,_,9/15/2009,9/18/2009,_,NE,,135,675,675
S,"Part Sale",754691JP-1,BUY,,,1,0,754691JP-1,475,1,295,8794,"Mesa Airlines",MA3,_,9/16/2009,9/17/2009,_,NE,,475,475,475
S,"Part Sale",2803580JP-101,BUY,,,4,0,2803580JP-101,1070,1,38.66,8795,"Delta Air Lines, Inc.",DALI1,_,9/16/2009,9/17/2009,_,NE,,1070,4280,4280
S,"Part Sale",3174502JP-1,BUY,,,2,0,3174502JP-1,68,1,22,8797,"AE&C Services",AS1,_,9/16/2009,9/17/2009,_,NE,,68,136,136
S,"Part Sale",3163666JP-4,BUY,,,2,0,3163666JP-4,95,1,35,8797,"AE&C Services",AS1,_,9/16/2009,9/17/2009,_,NE,,95,190,190
S,"Part Sale",890519JP,BUY,,,5,0,890519JP,164,1,4.89,8798,"Delta Air Lines, Inc.",DALI1,_,9/16/2009,9/17/2009,_,NE,,164,820,820
S,"Part Sale",3170720JP-1,BUY,,,1,0,3170720JP-1,316,1,148.1,8799,"Delta Air Lines, Inc.",DALI1,_,9/16/2009,9/17/2009,_,NE,,316,316,316
S,"Part Sale",3170720JP-1,BUY,,,2,0,3170720JP-1,334,1,148.1,8805,"Texas Pneumatics Systems, Inc.",TPSI1,_,9/16/2009,9/16/2009,_,NE,,334,668,668
S,"Part Sale",3179816JP-1,BUY,,,2,0,3179816JP-1,87,1,32,8801,"Atlas Aerospace Accessories, Inc.",AAAI1,_,9/16/2009,9/17/2009,_,NE,X,87,174,174
S,"Part Sale",3179817JP-1,BUY,,,2,0,3179817JP-1,191,1,31.4,8801,"Atlas Aerospace Accessories, Inc.",AAAI1,_,9/16/2009,9/17/2009,_,NE,X,191,382,382
S,"Part Sale",3179818JP-1,BUY,,,2,0,3179818JP-1,219,1,26.5,8801,"Atlas Aerospace Accessories, Inc.",AAAI1,_,9/16/2009,9/17/2009,_,NE,X,219,438,438
S,"Part Sale",3238470JP-23,BUY,,,4,0,3238470JP-23,101,1,25.64,8802,"AAR  Amsterdam",A18,_,9/16/2009,9/17/2009,_,NE,,101,404,404
S,"Part Sale",3170719JP-1,BUY,,,4,0,3170719JP-1,902,1,286,8805,"Texas Pneumatics Systems, Inc.",TPSI1,_,9/16/2009,9/16/2009,_,NE,,902,3608,3608
S,"Part Sale",3163811JP-7,BUY,,,1,0,3163811JP-7,150,1,29.1,8801,"Atlas Aerospace Accessories, Inc.",AAAI1,_,9/16/2009,9/17/2009,_,NE,X,150,150,150
S,"Part Sale",SA601R-53-41-251JP-502,BUY,,,1,0,SA601R-53-41-251JP-502,4185,1,0,8824,Comair,COMAIR,_,9/17/2009,10/8/2009,_,TE,,4185,4185,4185
S,"Part Sale",10-900-28A-2,BUY,,,10,0,10-900-28A-2,48.5,1,39.5,8829,Comair,COMAIR,_,9/17/2009,9/21/2009,_,NE,,48.5,485,485
S,"Part Sale",3174501JP-1,BUY,,,50,0,3174501JP-1,155,1,78.05,8807,"Lufthansa Technik",LT1,_,9/17/2009,9/25/2009,_,NE,,155,7750,7750
S,"Part Sale",601R21145JP-1,BUY,,,3,0,601R21145JP-1,125,1,52.4,8808,"Pinnacle Airlines",PINA,_,9/17/2009,9/18/2009,_,NE,,125,375,375
S,"Part Sale",601R10179JP-1,BUY,,,6,0,601R10179JP-1,29,1,21,8809,"Pinnacle Airlines",PINA,_,9/17/2009,9/18/2009,_,NE,,29,174,174
S,"Part Sale",4452-068JP,BUY,,,2,0,4452-068JP,318,1,26,8810,"Accel Aviation",ACA,_,9/17/2009,9/18/2009,_,NE,,318,636,636
S,"Part Sale",3163811JP-7,BUY,,,1,0,3163811JP-7,150,1,29.1,8811,"Atlas Aerospace Accessories, Inc.",AAAI1,_,9/17/2009,9/18/2009,_,NE,,150,150,150
S,"Part Sale",3179816JP-1,BUY,,,2,0,3179816JP-1,87,1,32,8811,"Atlas Aerospace Accessories, Inc.",AAAI1,_,9/17/2009,9/18/2009,_,NE,,87,174,174
S,"Part Sale",3179817JP-1,BUY,,,2,0,3179817JP-1,191,1,31.4,8811,"Atlas Aerospace Accessories, Inc.",AAAI1,_,9/17/2009,9/18/2009,_,NE,,191,382,382
S,"Part Sale",3179818JP-1,BUY,,,2,0,3179818JP-1,219,1,26.5,8811,"Atlas Aerospace Accessories, Inc.",AAAI1,_,9/17/2009,9/18/2009,_,NE,,219,438,438
S,"Part Sale",2748045-1FA,BUY,,,2,0,2748045-1FA,127,1,86.83,8812,"Aeropol Aviation Services Corp",AASC1,_,9/17/2009,9/24/2009,_,NE,,127,254,254
S,"Part Sale",P00082,BUY,,,66,0,P00082,18,1,7.88,8796,"Delta Air Lines, Inc.",DALI1,_,9/17/2009,9/22/2009,_,NE,,18,1188,1188
S,"Part Sale",3181768JP-1,BUY,,,11,0,3181768JP-1,488,1,117,8813,"Delta Air Lines, Inc.",DALI1,_,9/17/2009,9/18/2009,_,NE,,488,5368,5368
S,"Part Sale",974386JP-6,BUY,,,4,0,974386JP-6,557,1,87.95,8814,"Delta Air Lines, Inc.",DALI1,_,9/17/2009,9/18/2009,_,NE,,557,2228,2228
S,"Part Sale",2803569JP-101,BUY,,,1,0,2803569JP-101,129,1,19.75,8815,"Delta Air Lines, Inc.",DALI1,_,9/17/2009,9/18/2009,_,NE,,129,129,129
S,"Part Sale",728908JP,BUY,,,6,0,728908JP,575,1,122.97,8816,"Delta Air Lines, Inc.",DALI1,_,9/17/2009,9/18/2009,_,NE,,575,3450,3450
S,"Part Sale",729234JP,BUY,,,1,0,729234JP,570,1,176.35,8817,"Delta Air Lines, Inc.",DALI1,_,9/17/2009,10/2/2009,_,NE,,570,570,570
S,"Part Sale",729230JP,BUY,,,1,0,729230JP,572,1,165.11,8818,"Delta Air Lines, Inc.",DALI1,_,9/17/2009,10/7/2009,_,NE,,572,572,572
S,"Part Sale",3504845JP-1,BUY,,,2,0,3504845JP-1,4986,1,349.2,8819,"Delta Air Lines, Inc.",DALI1,_,9/17/2009,9/18/2009,_,NE,,4986,9972,9972
S,"Part Sale",3173777JP-2,BUY,,,7,0,3173777JP-2,129,1,60,8820,"Delta Air Lines, Inc.",DALI1,_,9/17/2009,9/18/2009,_,NE,,129,903,903
S,"Part Sale",P00081,BUY,,,9,0,P00081,56.49,1,42.37,8821,"Delta Air Lines, Inc.",DALI1,_,9/17/2009,9/18/2009,_,NE,,56.49,508.41,508.41
S,"Part Sale",2793916JP-101,BUY,,,3,0,2793916JP-101,436,1,39.16,8822,"Delta Air Lines, Inc.",DALI1,_,9/17/2009,9/18/2009,_,NE,,436,1308,1308
S,"Part Sale",5823512JP-101,BUY,,,1,0,5823512JP-101,288,1,71,8823,"Delta Air Lines, Inc.",DALI1,_,9/17/2009,9/18/2009,_,NE,,288,288,288
S,"Part Sale",348024JP,BUY,,,4,0,348024JP,50.4,1,0.46,8825,"AAR Aircraft Components Services",AACS2,_,9/17/2009,9/18/2009,_,NE,,50.4,201.6,201.6
S,"Part Sale",974345JP,BUY,,,4,0,974345JP,69,1,0.55,8825,"AAR Aircraft Components Services",AACS2,_,9/17/2009,9/18/2009,_,NE,,69,276,276
S,"Part Sale",848525JP,BUY,,,1,0,848525JP,5200,1,1990,8825,"AAR Aircraft Components Services",AACS2,_,9/17/2009,9/18/2009,_,NE,,5200,5200,5200
S,"Part Sale",3163812JP-12,BUY,,,3,0,3163812JP-12,695,1,48,8825,"AAR Aircraft Components Services",AACS2,_,9/17/2009,9/18/2009,_,NE,,695,2085,2085
S,"Part Sale",3163811JP-5,BUY,,,2,0,3163811JP-5,67,1,20.28,8825,"AAR Aircraft Components Services",AACS2,_,9/17/2009,9/18/2009,_,NE,,67,134,134
S,"Part Sale",570717JP,BUY,,,2,0,570717JP,675,1,144.02,8826,"Future Aviation Inc.",FAI,_,9/17/2009,9/18/2009,_,NE,,675,1350,1350
S,"Part Sale",570729JP,BUY,,,2,0,570729JP,525,1,163,8826,"Future Aviation Inc.",FAI,_,9/17/2009,9/18/2009,_,NE,,525,1050,1050
S,"Part Sale",570717JP,BUY,,,1,0,570717JP,675,1,144.02,8827,"Future Aviation Inc.",FAI,_,9/17/2009,9/18/2009,_,NE,,675,675,675
S,"Part Sale",S1508-5,BUY,,,13,0,S1508-5,12.5,1,12.2,8828,Comair,COMAIR,_,9/17/2009,9/22/2009,_,NE,,12.5,162.5,162.5
S,"Part Sale",10-900-17A-2,BUY,,,4,0,10-900-17A-2,31,1,22.25,8829,Comair,COMAIR,_,9/17/2009,9/21/2009,_,NE,,31,124,124
S,"Part Sale",3170331JP-16,BUY,,,10,0,3170331JP-16,3531,1,631.39,8806,"Aero Technologies, LLC",ATL1,_,9/17/2009,9/18/2009,_,NE,,3531,35310,35310
S,"Part Sale",3238470JP-27,BUY,,,10,0,3238470JP-27,170,1,20.04,8830,"Northwings Accessories Corp.",NA1,_,9/18/2009,9/18/2009,_,NE,,170,1700,1700
S,"Part Sale",3171681JP-1,BUY,,,10,0,3171681JP-1,114,1,49,8831,"Lufthansa Technik",LT1,_,9/18/2009,9/29/2009,_,NE,,114,1140,1140
S,"Part Sale",2793921JP-101,BUY,,,2,0,2793921JP-101,503,1,53,8833,"Delta Air Lines, Inc.",DALI1,_,9/18/2009,9/18/2009,_,NE,,503,1006,1006
S,"Part Sale",2793913JP-101,BUY,,,5,0,2793913JP-101,143,1,16.5,8835,"Delta Air Lines, Inc.",DALI1,_,9/18/2009,9/18/2009,_,NE,,143,715,715
S,"Part Sale",2793913JP-101,BUY,,,1,0,2793913JP-101,159,1,16.5,8832,"Star Tech Holdings Limited",STHL1,,9/18/2009,9/18/2009,_,NE,,159,159,159
S,"Part Sale",3234752JP-3,BUY,,,12,0,3234752JP-3,882,1,163,8834,"Southern Aeroparts - Ametek",SA1,_,9/18/2009,9/18/2009,_,NE,,882,10584,10584
S,"Part Sale",2047168-8FA,BUY,,,4,0,2047168-8FA,169,1,127.6,8839,"Accessory Technologies Corporation",ATC,_,9/18/2009,9/18/2009,_,NE,,169,676,676
S,"Part Sale",P00359,BUY,,,12,0,P00359,26,1,20,8836,"Delta Air Lines, Inc.",DALI1,_,9/18/2009,9/18/2009,_,NE,,26,312,312
S,"Part Sale",7011-23-1,BUY,,,10,0,7011-23-1,68,1,38.5,8837,"Delta Air Lines, Inc.",DALI1,_,9/18/2009,9/18/2009,_,NE,,68,680,680
S,"Part Sale",2047168-8FA,BUY,,,3,0,2047168-8FA,159,1,127.6,8832,"Star Tech Holdings Limited",STHL1,,9/18/2009,9/18/2009,_,NE,,159,477,477
S,"Part Sale",362546JP,BUY,,,1,0,362546JP,1817,1,409.42,8838,"Triumph Accessory Services",TAS2,_,9/18/2009,9/22/2009,_,NE,,1817,1817,1817
S,"Part Sale",797774JP-2,BUY,,,1,0,797774JP-2,555,1,177.07,8838,"Triumph Accessory Services",TAS2,_,9/18/2009,9/22/2009,_,NE,,555,555,555
S,"Part Sale",2803940JP-101,BUY,,,1,0,2803940JP-101,157,1,0,8832,"Star Tech Holdings Limited",STHL1,,9/18/2009,9/18/2009,_,NE,,157,157,157
S,"Part Sale",3177934JP-1,BUY,,,1,0,3177934JP-1,355,1,77.25,8840,"Triumph Accessory Services",TAS2,_,9/21/2009,9/22/2009,_,NE,,355,355,355
S,"Part Sale",887346JP,BUY,,,1,0,887346JP,219,1,109,8851,"Niacc-Avitech Technologies",NT1,_,9/21/2009,9/23/2009,_,NE,,219,219,219
S,"Part Sale",749094JP-1,BUY,,,7,0,749094JP-1,85,1,36,8842,"Delta Air Lines, Inc.",DALI1,_,9/21/2009,9/23/2009,_,NE,,85,595,595
S,"Part Sale",3179817JP-1,BUY,,,4,0,3179817JP-1,100,1,31.4,8843,"Delta Air Lines, Inc.",DALI1,_,9/21/2009,9/24/2009,_,NE,,100,400,400
S,"Part Sale",3181768JP-1,BUY,,,10,0,3181768JP-1,488,1,117,8844,"Delta Air Lines, Inc.",DALI1,_,9/21/2009,9/24/2009,_,NE,,488,4880,4880
S,"Part Sale",5843138JP-101,BUY,,,1,0,5843138JP-101,180,1,42,8845,"Delta Air Lines, Inc.",DALI1,_,9/21/2009,9/24/2009,_,NE,,180,180,180
S,"Part Sale",2803650JP-101,BUY,,,1,0,2803650JP-101,856,1,215,8846,"Delta Air Lines, Inc.",DALI1,_,9/21/2009,9/24/2009,_,NE,,856,856,856
S,"Part Sale",88373A,BUY,,,4,0,88373A,749,1,399,8847,Comair,COMAIR,_,9/21/2009,9/22/2009,_,NE,,749,2996,2996
S,"Part Sale",3234752JP-3,BUY,,,1,0,3234752JP-3,983,1,163,8848,"Atlas Aerospace Accessories, Inc.",AAAI1,_,9/21/2009,9/22/2009,_,NE,,983,983,983
S,"Part Sale",3235627JP-1,BUY,,,1,0,3235627JP-1,436,1,96,8848,"Atlas Aerospace Accessories, Inc.",AAAI1,_,9/21/2009,9/22/2009,_,NE,,436,436,436
S,"Part Sale",806164JP-1,BUY,,,20,0,806164JP-1,20,1,9.2,8849,"Aero Technologies, LLC",ATL1,_,9/21/2009,9/22/2009,_,NE,,20,400,400
S,"Part Sale",3163268JP-9,BUY,,,1,0,3163268JP-9,295,1,32,8850,"Northwings Accessories Corp.",NA1,_,9/21/2009,9/23/2009,_,NE,,295,295,295
S,"Part Sale",3161767JP-7,BUY,,,2,0,3161767JP-7,79,1,20.75,8850,"Northwings Accessories Corp.",NA1,_,9/21/2009,9/23/2009,_,NE,,79,158,158
S,"Part Sale",297033JP,BUY,,,4,0,297033JP,119,1,33.78,8851,"Niacc-Avitech Technologies",NT1,_,9/21/2009,9/23/2009,_,NE,,119,476,476
S,"Part Sale",348024JP,BUY,,,10,0,348024JP,44,1,0.46,8851,"Niacc-Avitech Technologies",NT1,_,9/21/2009,9/23/2009,_,NE,,44,440,440
S,"Part Sale",405243JP,BUY,,,12,0,405243JP,77,1,19.95,8851,"Niacc-Avitech Technologies",NT1,_,9/21/2009,9/23/2009,_,NE,,77,924,924
S,"Part Sale",570717JP,BUY,,,2,0,570717JP,607.5,1,144.02,8851,"Niacc-Avitech Technologies",NT1,_,9/21/2009,9/23/2009,_,NE,,607.5,1215,1215
S,"Part Sale",570729JP,BUY,,,3,0,570729JP,472.5,1,163,8851,"Niacc-Avitech Technologies",NT1,_,9/21/2009,9/23/2009,_,NE,,472.5,1417.5,1417.5
S,"Part Sale",887299JP,BUY,,,1,0,887299JP,124,1,54,8851,"Niacc-Avitech Technologies",NT1,_,9/21/2009,9/23/2009,_,NE,,124,124,124
S,"Part Sale",214637JP-1,BUY,,,1,0,214637JP-1,446,1,157.02,8841,"Delta Air Lines, Inc.",DALI1,_,9/21/2009,9/22/2009,_,NE,,446,446,446
S,"Part Sale",5697425JP,BUY,,,2,0,5697425JP,380,1,132.05,8854,"Delta Air Lines, Inc.",DALI1,_,9/22/2009,9/23/2009,_,NE,,380,760,760
S,"Part Sale",379253JP,BUY,,,3,0,379253JP,237,1,106.44,8853,"Delta Air Lines, Inc.",DALI1,_,9/22/2009,9/29/2009,_,NE,,237,711,711
S,"Part Sale",P00328,BUY,,,15,0,P00328,78.88,1,62,8856,"Delta Air Lines, Inc.",DALI1,_,9/22/2009,9/23/2009,_,NE,,78.88,1183.2,1183.2
S,"Part Sale",3168988JP-8,BUY,,,5,5,3168988JP-8,1607,1,383.9,8857,"American Airlines, INC",AAIR,_,9/22/2009,,_,NE,X,1607,8035,8035
S,"Part Sale",228-50763-101JP,BUY,,,20,0,228-50763-101JP,31,1,16.2,8858,"Airstart Regional Spares",AI12,_,9/22/2009,9/23/2009,_,NE,,31,620,620
S,"Part Sale",329282JP,BUY,,,8,0,329282JP,50,1,0.89,8859,"Delta Air Lines, Inc.",DALI1,_,9/22/2009,9/23/2009,_,NE,,50,400,400
S,"Part Sale",684-533-9008JP,BUY,,,1,0,684-533-9008JP,420,1,200.76,8860,"Delta Air Lines, Inc.",DALI1,_,9/22/2009,9/23/2009,_,NE,,420,420,420
S,"Part Sale",P00731,BUY,,,1,0,P00731,177.1,1,133.63,8861,"Delta Air Lines, Inc.",DALI1,_,9/22/2009,9/23/2009,_,NE,,177.1,177.1,177.1
S,"Part Sale",2803548JP-102,BUY,,,2,0,2803548JP-102,128,1,17,8862,"Delta Air Lines, Inc.",DALI1,_,9/22/2009,9/24/2009,_,NE,,128,256,256
S,"Part Sale",P00324,BUY,,,10,0,P00324,26.5,1,12.86,8863,"Delta Air Lines, Inc.",DALI1,_,9/22/2009,9/24/2009,_,NE,,26.5,265,265
S,"Part Sale",7011-23-1,BUY,,,10,0,7011-23-1,68,1,38.5,8864,"Delta Air Lines, Inc.",DALI1,_,9/22/2009,9/23/2009,_,NE,,68,680,680
S,"Part Sale",RS26207-89,BUY,,STEVE,1,1,RS26207-89,0,1,0,8865,"Delta Air Lines, Inc.",DALI1,_,9/22/2009,,_,BO,X,0,0,0
S,"Part Sale",RS26208-89,BUY,,STEVE,1,1,RS26208-89,0,1,0,8865,"Delta Air Lines, Inc.",DALI1,_,9/22/2009,,_,BO,X,0,0,0
S,"Part Sale",APM9EL455051-03,BUY,,,1,0,APM9EL455051-03,3000,1,2150,8866,Comair,COMAIR,_,9/22/2009,9/23/2009,_,NE,,3000,3000,3000
S,"Part Sale",88373A,BUY,,,2,0,88373A,550,1,399,8867,"Pinnacle Airlines",PINA,_,9/22/2009,9/23/2009,_,NE,,550,1100,1100
S,"Part Sale",601R21145JP-1,BUY,,,3,0,601R21145JP-1,125,1,52.4,8868,"Pinnacle Airlines",PINA,_,9/22/2009,9/23/2009,_,NE,,125,375,375
S,"Part Sale",887348JP,BUY,,,2,0,887348JP,255,1,42,8869,"Aviatron Inc.",AVII,_,9/22/2009,9/23/2009,_,NE,,255,510,510
S,"Part Sale",P00021,BUY,,,2,0,P00021,102,1,56.7,8852,"Delta Air Lines, Inc.",DALI1,_,9/22/2009,9/23/2009,_,NE,,102,204,204
S,"Part Sale",P00023,BUY,,,10,0,P00023,39,1,26.73,8855,"Delta Air Lines, Inc.",DALI1,_,9/22/2009,9/23/2009,_,NE,,39,390,390
S,"Part Sale",3229582JP-2,BUY,,,1,1,3229582JP-2,174.6,1,64,8873,"Aerotron Airpower",AA2,_,9/23/2009,,_,NE,X,174.6,174.6,174.6
S,"Part Sale",3229582JP-2,BUY,,,1,1,3229582JP-2,174.6,1,64,8874,"Aerotron Airpower",AA2,_,9/23/2009,,_,NE,X,174.6,174.6,174.6
S,"Part Sale",3238470JP-21,BUY,,,1,0,3238470JP-21,2178,1,0,8875,"Aerotron Airpower",AA2,_,9/23/2009,,_,NE,X,2178,2178,2178
S,"Part Sale",690200JP-4,BUY,,,5,5,690200JP-4,350,1,50.25,8876,"Aerotron Airpower",AA2,_,9/23/2009,,_,NE,X,350,1750,1750
S,"Part Sale",3163268JP-4,BUY,,,9,9,3163268JP-4,155,1,44,8878,"Aerotron Airpower",AA2,_,9/23/2009,,_,NE,X,155,1395,1395
S,"Part Sale",857621JP-2,BUY,,,4,4,857621JP-2,69,1,18.85,8870,"American Airlines, INC",AAIR,_,9/23/2009,,_,NE,X,69,276,276
S,"Part Sale",88373A,BUY,,,2,0,88373A,795,1,399,8871,"Mesa Airlines",MA3,_,9/23/2009,9/25/2009,_,NE,,795,1590,1590
S,"Part Sale",754691JP-1,BUY,,,1,0,754691JP-1,475,1,295,8872,"Mesa Airlines",MA3,_,9/23/2009,9/25/2009,_,NE,,475,475,475
S,"Part Sale",778839JP-20,BUY,,,2,0,778839JP-20,252,1,70.37,8877,"Delta Air Lines, Inc.",DALI1,_,9/23/2009,9/24/2009,_,NE,,252,504,504
S,"Part Sale",788105JP-1,BUY,,,1,0,788105JP-1,414,1,0,8879,"Delta Air Lines, Inc.",DALI1,_,9/23/2009,9/24/2009,_,NE,,414,414,414
S,"Part Sale",684-533-9008JP,BUY,,,3,0,684-533-9008JP,420,1,200.76,8880,"Delta Air Lines, Inc.",DALI1,_,9/23/2009,9/24/2009,_,NE,,420,1260,1260
S,"Part Sale",P00568,BUY,,,1,0,P00568,140,1,91,8881,"Delta Air Lines, Inc.",DALI1,_,9/23/2009,9/24/2009,_,NE,,140,140,140
S,"Part Sale",3179818JP-1,BUY,,,2,0,3179818JP-1,270,1,26.5,8882,"Delta Air Lines, Inc.",DALI1,_,9/23/2009,9/24/2009,_,NE,,270,540,540
S,"Part Sale",858885JP-3,BUY,,,5,0,858885JP-3,22,1,0,8883,"Perform Air International",PAI1,_,9/23/2009,9/24/2009,_,NE,,22,110,110
S,"Part Sale",3173777JP-2,BUY,,,2,0,3173777JP-2,107,1,60,8884,"AE&C Services",AS1,_,9/23/2009,9/24/2009,_,NE,,107,214,214
S,"Part Sale",858885JP-3,BUY,,,6,0,858885JP-3,22,1,8.37,8884,"AE&C Services",AS1,_,9/23/2009,9/24/2009,_,NE,,22,132,132
S,"Part Sale",3174502JP-1,BUY,,,3,0,3174502JP-1,68,1,22,8884,"AE&C Services",AS1,_,9/23/2009,9/24/2009,_,NE,,68,204,204
S,"Part Sale",3163666JP-4,BUY,,,3,0,3163666JP-4,95,1,28,8884,"AE&C Services",AS1,_,9/23/2009,9/24/2009,_,NE,,95,285,285
S,"Part Sale",3163812JP-2,BUY,,,1,0,3163812JP-2,315,1,0,8885,"AMETEK HSA, Inc",HSA1,_,9/23/2009,9/24/2009,_,NE,,315,315,315
S,"Part Sale",3179817JP-1,BUY,,,1,0,3179817JP-1,191,1,31.4,8885,"AMETEK HSA, Inc",HSA1,_,9/23/2009,9/24/2009,_,NE,,191,191,191
S,"Part Sale",FA07-43700-6,BUY,,,2,0,FA07-43700-6,1150,1,868.25,8886,"Accessory Technologies Corporation",ATC,_,9/23/2009,9/24/2009,_,NE,,1150,2300,2300
S,"Part Sale",SYLC1532FA,BUY,,,1,0,SYLC1532FA,350,1,264.25,8886,"Accessory Technologies Corporation",ATC,_,9/23/2009,9/24/2009,_,NE,,350,350,350
S,"Part Sale",88373A,BUY,,,4,0,88373A,550,1,399,8887,"Pinnacle Airlines",PINA,_,9/23/2009,9/24/2009,_,NE,,550,2200,2200
S,"Part Sale",3233534JP-1,BUY,,,1,0,3233534JP-1,1475,1,165,8888,"Triumph Accessory Services",TAS2,_,9/23/2009,9/25/2009,_,NE,,1475,1475,1475
S,"Part Sale",3233543JP-1,BUY,,,1,0,3233543JP-1,785,1,0,8888,"Triumph Accessory Services",TAS2,_,9/23/2009,9/25/2009,_,NE,,785,785,785
S,"Part Sale",88373A,BUY,,,2,0,88373A,621,1,399,8889,"Skywest Airlines",SKYW,_,9/23/2009,9/30/2009,_,NE,,621,1242,1242
S,"Part Sale",88373A,BUY,,,1,0,88373A,621,1,399,8890,"Skywest Airlines",SKYW,_,9/23/2009,9/30/2009,_,NE,,621,621,621
S,"Part Sale",3238470JP-23,BUY,,,8,0,3238470JP-23,122,1,25.64,8891,"Northwings Accessories Corp.",NA1,_,9/23/2009,9/25/2009,_,NE,,122,976,976
S,"Part Sale",3238470JP-27,BUY,,,16,0,3238470JP-27,170,1,20.04,8891,"Northwings Accessories Corp.",NA1,_,9/23/2009,9/25/2009,_,NE,,170,2720,2720
S,"Part Sale",3238470JP-27,BUY,,,2,0,3238470JP-27,170,1,20.04,8891,"Northwings Accessories Corp.",NA1,_,9/23/2009,9/25/2009,_,NE,,170,340,340
S,"Part Sale",3238470JP-23,BUY,,,3,0,3238470JP-23,122,1,25.64,8891,"Northwings Accessories Corp.",NA1,_,9/23/2009,9/25/2009,_,NE,,122,366,366
S,"Part Sale",M104HX313,BUY,,,13,0,M104HX313,445,1,246.67,8905,"Delta Air Lines, Inc.",DALI1,_,9/24/2009,9/25/2009,_,NE,,445,5785,5785
S,"Part Sale",M104HX313,BUY,,,13,0,M104HX313,445,1,246.67,8906,"Delta Air Lines, Inc.",DALI1,_,9/24/2009,9/30/2009,_,NE,,445,5785,5785
S,"Part Sale",974345JP,BUY,,,15,0,974345JP,69,1,0.55,8904,"Future Aviation Inc.",FAI,_,9/24/2009,9/25/2009,_,NE,,69,1035,1035
S,"Part Sale",890571JP,BUY,,,15,0,890571JP,95,1,4.76,8904,"Future Aviation Inc.",FAI,_,9/24/2009,9/25/2009,_,NE,,95,1425,1425
S,"Part Sale",624912JP,BUY,,,20,0,624912JP,14.95,1,1.06,8904,"Future Aviation Inc.",FAI,_,9/24/2009,9/25/2009,_,NE,,14.95,299,299
S,"Part Sale",3029021JP-001,BUY,,,10,0,3029021JP-001,67,1,0.36,8904,"Future Aviation Inc.",FAI,_,9/24/2009,9/25/2009,_,NE,,67,670,670
S,"Part Sale",348024JP,BUY,,,30,0,348024JP,44,1,0.46,8904,"Future Aviation Inc.",FAI,_,9/24/2009,9/25/2009,_,NE,,44,1320,1320
S,"Part Sale",10-900-28A-2,BUY,,,3,0,10-900-28A-2,48.5,1,39.5,8903,Comair,COMAIR,_,9/24/2009,9/24/2009,_,NE,,48.5,145.5,145.5
S,"Part Sale",228-50915-101JP,BUY,,,85,0,228-50915-101JP,18,1,5.5,8902,Comair,COMAIR,_,9/24/2009,9/24/2009,_,NE,,18,1530,1530
S,"Part Sale",214633JP-1,BUY,,,1,0,214633JP-1,750,1,288.72,8901,"Delta Air Lines, Inc.",DALI1,_,9/24/2009,9/25/2009,_,NE,,750,750,750
S,"Part Sale",214636JP-1,BUY,,,1,0,214636JP-1,375,1,149.07,8900,"Delta Air Lines, Inc.",DALI1,_,9/24/2009,9/25/2009,_,NE,,375,375,375
S,"Part Sale",P00018,BUY,,,4,0,P00018,157,1,90.9,8899,"Delta Air Lines, Inc.",DALI1,_,9/24/2009,9/25/2009,_,NE,,157,628,628
S,"Part Sale",684-533-9008JP,BUY,,,1,0,684-533-9008JP,420,1,200.76,8898,"Delta Air Lines, Inc.",DALI1,_,9/24/2009,9/25/2009,_,NE,,420,420,420
S,"Part Sale",P00568,BUY,,,1,0,P00568,140,1,91,8897,"Delta Air Lines, Inc.",DALI1,_,9/24/2009,9/25/2009,_,NE,,140,140,140
S,"Part Sale",3179817JP-1,BUY,,,4,0,3179817JP-1,100,1,31.4,8896,"Delta Air Lines, Inc.",DALI1,_,9/24/2009,9/25/2009,_,NE,,100,400,400
S,"Part Sale",858886JP-42,BUY,,,3,0,858886JP-42,94,1,36,8895,"Delta Air Lines, Inc.",DALI1,_,9/24/2009,9/25/2009,_,NE,,94,282,282
S,"Part Sale",858886JP-42,BUY,,,28,0,858886JP-42,94,1,36,8894,"Delta Air Lines, Inc.",DALI1,_,9/24/2009,9/29/2009,_,NE,,94,2632,2632
S,"Part Sale",3179818JP-1,BUY,,,7,0,3179818JP-1,270,1,26.5,8893,"Delta Air Lines, Inc.",DALI1,_,9/24/2009,9/25/2009,_,NE,,270,1890,1890
S,"Part Sale",3163811JP-5,BUY,,,33,0,3163811JP-5,50,1,20.28,8892,"Delta Air Lines, Inc.",DALI1,_,9/24/2009,9/25/2009,_,NE,,50,1650,1650
S,"Part Sale",APM9EL455051-03,BUY,,,1,0,APM9EL455051-03,3000,1,2150,8909,Comair,COMAIR,_,9/24/2009,10/1/2009,_,NE,,3000,3000,3000
S,"Part Sale",379253JP,BUY,,,1,0,379253JP,159,1,106.44,8908,"Overhaul Accessory Company",OAC1,_,9/24/2009,9/24/2009,_,NE,,159,159,159
S,"Part Sale",3238470JP-21,BUY,,,3,0,3238470JP-21,2484,1,0,8907,"Northwings Accessories Corp.",NA1,_,9/24/2009,,_,NE,X,2484,7452,7452
S,"Part Sale",3175956JP-3,BUY,,,1,0,3175956JP-3,1649,1,241.68,8911,"EMC Aerospace",EA2,_,9/25/2009,9/25/2009,_,NE,,1649,1649,1649
S,"Part Sale",890571JP,BUY,,,3,0,890571JP,95,1,4.76,8912,"Thrust-Tech Aviation, Inc.",TAI1,_,9/25/2009,9/25/2009,_,NE,,95,285,285
S,"Part Sale",3238470JP-27,BUY,,,2,0,3238470JP-27,176,1,20.04,8913,"AAR  Amsterdam",A18,_,9/25/2009,9/25/2009,_,NE,,176,352,352
S,"Part Sale",974386JP-6,BUY,,,2,0,974386JP-6,419,1,87.95,8914,"Atlas Aerospace Accessories, Inc.",AAAI1,_,9/25/2009,9/25/2009,_,NE,,419,838,838
S,"Part Sale",684-533-9008JP,BUY,,,2,0,684-533-9008JP,420,1,200.76,8915,"Delta Air Lines, Inc.",DALI1,_,9/25/2009,9/25/2009,_,NE,,420,840,840
S,"Part Sale",2748045-1FA,BUY,,,6,0,2748045-1FA,127,1,86.83,8910,"GA Telesis CR Group SE, LLC",CW1,_,9/25/2009,9/25/2009,_,NE,,127,762,762
S,"Part Sale",3504845JP-3,BUY,,,2,0,3504845JP-3,4986,1,349.2,8917,"Delta Air Lines, Inc.",DALI1,_,9/25/2009,9/25/2009,_,NE,,4986,9972,9972
S,"Part Sale",3179818JP-1,BUY,,,1,0,3179818JP-1,219,1,26.5,8918,"AMETEK HSA, Inc",HSA1,_,9/25/2009,9/25/2009,_,NE,,219,219,219
S,"Part Sale",974345JP,BUY,,,4,0,974345JP,69,1,0.55,8919,"AAR Aircraft Components Services",AACS2,_,9/25/2009,9/25/2009,_,NE,,69,276,276
S,"Part Sale",601R21145JP-2,BUY,,,4,0,601R21145JP-2,125,1,53.9,8920,"Skywest Airlines",SKYW,_,9/25/2009,9/30/2009,_,NE,,125,500,500
S,"Part Sale",3174501JP-1,BUY,,,3,0,3174501JP-1,152,1,78.21,8916,"Delta Air Lines, Inc.",DALI1,_,9/25/2009,9/25/2009,_,NE,,152,456,456
S,"Part Sale",152532JP,BUY,,,56,56,152532JP,38,1,9.65,8921,"American Airlines, INC",AAIR,_,9/28/2009,,_,NE,X,38,2128,2128
S,"Part Sale",2793916JP-101,BUY,,,2,0,2793916JP-101,523,1,39.16,8922,"Aero Technologies, LLC",ATL1,_,9/28/2009,9/29/2009,_,NE,,523,1046,1046
S,"Part Sale",5823514JP-101,BUY,,,1,0,5823514JP-101,887,1,71,8922,"Aero Technologies, LLC",ATL1,_,9/28/2009,9/29/2009,_,NE,,887,887,887
S,"Part Sale",690200JP-4,BUY,,,1,0,690200JP-4,444,1,50.25,8922,"Aero Technologies, LLC",ATL1,_,9/28/2009,9/29/2009,_,NE,,444,444,444
S,"Part Sale",P00789,BUY,,,10,0,P00789,23.8,1,17.43,8923,"Delta Air Lines, Inc.",DALI1,_,9/28/2009,9/29/2009,_,NE,,23.8,238,238
S,"Part Sale",1700199JP,BUY,,,2,0,1700199JP,2445,1,731.25,8924,Aerosource,AROS,_,9/28/2009,9/29/2009,_,NE,,2445,4890,4890
S,"Part Sale",858885JP-3,BUY,,,1,0,858885JP-3,22,1,0,8925,"Real Aerovias Brasil",RAB1,_,9/28/2009,10/8/2009,_,NE,,22,22,22
S,"Part Sale",3163666JP-4,BUY,,,1,0,3163666JP-4,95,1,28,8925,"Real Aerovias Brasil",RAB1,_,9/28/2009,10/8/2009,_,NE,,95,95,95
S,"Part Sale",228-50763-101JP,BUY,,,30,0,228-50763-101JP,54,1,16.2,8926,Comair,COMAIR,_,9/28/2009,10/5/2009,_,NE,,54,1620,1620
M,"Credit Memo",3181768JP-1,BUY,,,-1,0,3181768JP-1,392,1,117,8141,"Lufthansa Technik",LT1,_,9/28/2009,9/28/2009,_,NE,,392,-392,-392
S,"Part Sale",80787FA,BUY,,,1,0,80787FA,350,1,264.25,8927,"Accessory Technologies Corporation",ATC,_,9/28/2009,9/30/2009,_,NE,,350,350,350
S,"Part Sale",3163811JP-3,BUY,,,1,0,3163811JP-3,60,1,18.95,8940,"Aviation Representatives",AR2,_,9/29/2009,9/30/2009,_,NE,,60,60,60
M,"Credit Memo",3163811JP-7,BUY,,,-1,0,3163811JP-7,150,1,29.1,8801,"Atlas Aerospace Accessories, Inc.",AAAI1,_,9/29/2009,9/29/2009,_,NE,X,150,-150,-150
M,"Credit Memo",3179816JP-1,BUY,,,-2,0,3179816JP-1,87,1,32,8801,"Atlas Aerospace Accessories, Inc.",AAAI1,_,9/29/2009,9/29/2009,_,NE,X,87,-174,-174
M,"Credit Memo",3179817JP-1,BUY,,,-2,0,3179817JP-1,191,1,31.4,8801,"Atlas Aerospace Accessories, Inc.",AAAI1,_,9/29/2009,9/29/2009,_,NE,X,191,-382,-382
M,"Credit Memo",3179818JP-1,BUY,,,-2,0,3179818JP-1,219,1,26.5,8801,"Atlas Aerospace Accessories, Inc.",AAAI1,_,9/29/2009,9/29/2009,_,NE,X,219,-438,-438
S,"Part Sale",753314JP-6,BUY,,,5,0,753314JP-6,224,1,61.5,8928,"AMETEK HSA, Inc",HSA1,_,9/29/2009,9/30/2009,_,NE,,224,1120,1120
S,"Part Sale",757485AVS,BUY,,,2,0,757485AVS,575,1,218,8803,"L. J. Walch Company, Inc.",LJWC1,_,9/29/2009,9/30/2009,_,NE,,575,1150,1150
S,"Part Sale",3507162JP-1,BUY,,,6,0,3507162JP-1,359.1,1,39,8929,"Star Tech Holdings Limited",STHL1,,9/29/2009,10/1/2009,_,NE,,359.1,2154.6,2154.6
S,"Part Sale",3504845JP-3,BUY,,,1,0,3504845JP-3,6103.75,1,349.2,8929,"Star Tech Holdings Limited",STHL1,,9/29/2009,10/1/2009,_,NE,,6103.75,6103.75,6103.75
S,"Part Sale",3507463JP-1,BUY,,,1,0,3507463JP-1,9457.25,1,1750,8929,"Star Tech Holdings Limited",STHL1,,9/29/2009,10/1/2009,_,NE,,9457.25,9457.25,9457.25
S,"Part Sale",3504903JP-1,BUY,,,2,0,3504903JP-1,806.55,1,25.45,8929,"Star Tech Holdings Limited",STHL1,,9/29/2009,10/1/2009,_,NE,,806.55,1613.1,1613.1
S,"Part Sale",3176800JP-1,BUY,,,4,0,3176800JP-1,185,1,27,8930,"Aero Technologies, LLC",ATL1,_,9/29/2009,9/30/2009,_,NE,,185,740,740
S,"Part Sale",3176803JP-1,BUY,,,4,0,3176803JP-1,319,1,80.34,8930,"Aero Technologies, LLC",ATL1,_,9/29/2009,9/30/2009,_,NE,,319,1276,1276
S,"Part Sale",3177905JP-1,BUY,,,4,0,3177905JP-1,649,1,105,8930,"Aero Technologies, LLC",ATL1,_,9/29/2009,9/30/2009,_,NE,,649,2596,2596
S,"Part Sale",3179387JP-2,BUY,,,4,0,3179387JP-2,628,1,98.5,8930,"Aero Technologies, LLC",ATL1,_,9/29/2009,9/30/2009,_,NE,,628,2512,2512
S,"Part Sale",10-900-53A-2,BUY,,,5,0,10-900-53A-2,32,1,23.75,8931,Comair,COMAIR,_,9/29/2009,9/29/2009,_,NE,,32,160,160
S,"Part Sale",379253JP,BUY,,,2,0,379253JP,237,1,106.44,8932,"Delta Air Lines, Inc.",DALI1,_,9/29/2009,10/2/2009,_,NE,,237,474,474
S,"Part Sale",151270JP,BUY,,,9,0,151270JP,76,1,36.13,8933,"Delta Air Lines, Inc.",DALI1,_,9/29/2009,9/30/2009,_,NE,,76,684,684
S,"Part Sale",684-533-9008JP,BUY,,,4,0,684-533-9008JP,420,1,200.76,8934,"Delta Air Lines, Inc.",DALI1,_,9/29/2009,9/30/2009,_,NE,,420,1680,1680
S,"Part Sale",3179818JP-1,BUY,,,8,0,3179818JP-1,270,1,26.5,8935,"Delta Air Lines, Inc.",DALI1,_,9/29/2009,9/30/2009,_,NE,,270,2160,2160
S,"Part Sale",806164JP-1,BUY,,,20,0,806164JP-1,13,1,9.2,8936,"Delta Air Lines, Inc.",DALI1,_,9/29/2009,9/30/2009,_,NE,,13,260,260
S,"Part Sale",3179816JP-1,BUY,,,19,0,3179816JP-1,114,1,32,8937,"Delta Air Lines, Inc.",DALI1,_,9/29/2009,9/30/2009,_,NE,,114,2166,2166
S,"Part Sale",601R10179JP-1,BUY,,,5,0,601R10179JP-1,29,1,21,8938,"Pinnacle Airlines",PINA,_,9/29/2009,9/30/2009,_,NE,,29,145,145
S,"Part Sale",601R21145JP-2,BUY,,,6,0,601R21145JP-2,135,1,53.9,8939,"Pinnacle Airlines",PINA,_,9/29/2009,9/30/2009,_,NE,,135,810,810
S,"Part Sale",3163812JP-4,BUY,,,1,0,3163812JP-4,350,1,48,8940,"Aviation Representatives",AR2,_,9/29/2009,9/30/2009,_,NE,,350,350,350
S,"Part Sale",872-0020JP,BUY,,,15,15,872-0020JP,220,1,47,8941,"Lufthansa Technik",LT1,_,9/30/2009,,_,NE,X,220,3300,3300
S,"Part Sale",3177656JP-1,BUY,,,4,0,3177656JP-1,55,1,14.3,8957,"American Cooler Service, Inc",ACSI1,_,9/30/2009,9/30/2009,_,NE,,55,220,220
S,"Part Sale",974386JP-6,BUY,,,20,0,974386JP-6,420,1,87.95,8943,"Aero Technologies, LLC",ATL1,_,9/30/2009,9/30/2009,_,NE,,420,8400,8400
S,"Part Sale",3163666JP-4,BUY,,,1,0,3163666JP-4,95,1,28,8944,"Sherwood Avionics and Accessories",SAaA1,_,9/30/2009,9/30/2009,_,NE,,95,95,95
S,"Part Sale",3163268JP-11,BUY,,,6,6,3163268JP-11,143.1,1,54,8945,"Aerotron Airpower",AA2,_,9/30/2009,,_,NE,X,143.1,858.6,858.6
S,"Part Sale",38022700,BUY,,,1,0,38022700,1760,1,1364,8946,"Avion Systems, Inc.",ASI5,,9/30/2009,10/5/2009,_,NE,,1760,1760,1760
S,"Part Sale",749094JP-1,BUY,,,15,0,749094JP-1,85,1,36,8947,"Delta Air Lines, Inc.",DALI1,_,9/30/2009,9/30/2009,_,NE,,85,1275,1275
S,"Part Sale",3179817JP-1,BUY,,,7,0,3179817JP-1,100,1,31.4,8948,"Delta Air Lines, Inc.",DALI1,_,9/30/2009,9/30/2009,_,NE,,100,700,700
S,"Part Sale",214637JP-1,BUY,,,1,0,214637JP-1,446,1,157.02,8949,"Delta Air Lines, Inc.",DALI1,_,9/30/2009,10/5/2009,_,NE,,446,446,446
S,"Part Sale",214636JP-1,BUY,,,3,0,214636JP-1,375,1,149.07,8950,"Delta Air Lines, Inc.",DALI1,_,9/30/2009,9/30/2009,_,NE,,375,1125,1125
S,"Part Sale",757483JP,BUY,,,1,0,757483JP,3299,1,743,8951,"Avborne Accessory Group, Inc.",AAGI1,_,9/30/2009,9/30/2009,_,NE,,3299,3299,3299
S,"Part Sale",757484JP,BUY,,,1,0,757484JP,3299,1,740,8951,"Avborne Accessory Group, Inc.",AAGI1,_,9/30/2009,9/30/2009,_,NE,,3299,3299,3299
S,"Part Sale",757485AVS,BUY,,,2,0,757485AVS,575,1,218,8951,"Avborne Accessory Group, Inc.",AAGI1,_,9/30/2009,9/30/2009,_,NE,,575,1150,1150
S,"Part Sale",3163268JP-11,BUY,,,2,0,3163268JP-11,179,1,54,8952,"Thrust-Tech Aviation, Inc.",TAI1,_,9/30/2009,9/30/2009,_,NE,,179,358,358
S,"Part Sale",872-0020JP,BUY,,,15,0,872-0020JP,220,1,47,8953,"Lufthansa Technik",LT1,_,9/30/2009,10/8/2009,_,NE,,220,3300,3300
S,"Part Sale",601R21145JP-2,BUY,,,5,0,601R21145JP-2,125,1,53.9,8954,"Skywest Airlines",SKYW,_,9/30/2009,10/2/2009,_,NE,,125,625,625
S,"Part Sale",2793856JP-101,BUY,,,1,0,2793856JP-101,308,1,22.5,8955,"GA Telesis CR Group SE, LLC",CW1,_,9/30/2009,9/30/2009,_,NE,,308,308,308
S,"Part Sale",2793916JP-101,BUY,,,1,0,2793916JP-101,556,1,39.16,8955,"GA Telesis CR Group SE, LLC",CW1,_,9/30/2009,9/30/2009,_,NE,,556,556,556
S,"Part Sale",601R21145JP-1,BUY,,,8,0,601R21145JP-1,125,1,52.4,8956,"Skywest Airlines",SKYW,_,9/30/2009,10/5/2009,_,NE,,125,1000,1000
S,"Part Sale",3172227JP-4,BUY,,,4,0,3172227JP-4,38,1,0,8957,"American Cooler Service, Inc",ACSI1,_,9/30/2009,9/30/2009,_,NE,,38,152,152
S,"Part Sale",3173777JP-2,BUY,,,3,0,3173777JP-2,119,1,60,8957,"American Cooler Service, Inc",ACSI1,_,9/30/2009,9/30/2009,_,NE,,119,357,357
S,"Part Sale",857621JP-2,BUY,,,6,0,857621JP-2,69,1,9.43,8942,"American Airlines, INC",AAIR,_,9/30/2009,9/30/2009,_,NE,,69,414,414
S,"Part Sale",3175956JP-3,BUY,,,1,0,3175956JP-3,1649,1,241.68,8967,"EMC Aerospace",EA2,_,10/1/2009,10/1/2009,_,NE,,1649,1649,1649
S,"Part Sale",2047168-8FA,BUY,,,1,0,2047168-8FA,159,1,127.6,8971,"Aero Pneudraulics, Inc.",API,_,10/1/2009,10/1/2009,_,NE,,159,159,159
S,"Part Sale",P00568,BUY,,,3,0,P00568,140,1,91,8965,"Delta Air Lines, Inc.",DALI1,_,10/1/2009,10/1/2009,_,NE,,140,420,420
S,"Part Sale",890519JP,BUY,,,5,0,890519JP,164,1,4.89,8964,"Delta Air Lines, Inc.",DALI1,_,10/1/2009,10/1/2009,_,NE,,164,820,820
S,"Part Sale",152532JP,BUY,,,9,0,152532JP,32,1,9.65,8963,"Delta Air Lines, Inc.",DALI1,_,10/1/2009,10/5/2009,_,NE,,32,288,288
S,"Part Sale",774605JP-3,BUY,,,1,0,774605JP-3,360,1,77.78,8962,"Delta Air Lines, Inc.",DALI1,_,10/1/2009,10/1/2009,_,NE,,360,360,360
S,"Part Sale",749093JP-1,BUY,,,15,0,749093JP-1,82,1,46.6,8961,"Delta Air Lines, Inc.",DALI1,_,10/1/2009,10/1/2009,_,NE,,82,1230,1230
S,"Part Sale",857626JP-4,BUY,,,6,6,857626JP-4,112,1,13.32,8960,"American Airlines, INC",AAIR,_,10/1/2009,,_,NE,X,112,672,672
S,"Part Sale",887346JP,BUY,,,2,0,887346JP,219,1,109,8959,"Aviatron Inc.",AVII,_,10/1/2009,10/1/2009,_,NE,,219,438,438
S,"Part Sale",601R21145JP-1,BUY,,,3,0,601R21145JP-1,120,1,52.4,8958,"Skywest Airlines",SKYW,_,10/1/2009,10/5/2009,_,NE,,120,360,360
M,"Credit Memo",3175956JP-3,BUY,,,-1,0,3175956JP-3,1898,1,241.68,7664,"Aero Technologies, LLC",ATL1,_,10/1/2009,10/1/2009,_,NE,,1898,-1898,-1898
M,"Credit Memo",3175956JP-3,BUY,,,-1,0,3175956JP-3,1898,1,241.68,7762,"Aero Technologies, LLC",ATL1,_,10/1/2009,10/1/2009,_,NE,,1898,-1898,-1898
S,"Part Sale",2047168-8FA,BUY,,,1,0,2047168-8FA,159,1,127.6,8967,"EMC Aerospace",EA2,_,10/1/2009,10/1/2009,_,NE,,159,159,159
S,"Part Sale",3163811JP-5,BUY,,,25,0,3163811JP-5,50,1,20.28,8968,"Lufthansa Technik",LT1,_,10/1/2009,10/8/2009,_,NE,,50,1250,1250
S,"Part Sale",405243JP,BUY,,,10,0,405243JP,77,1,19.95,8969,"Future Aviation Inc.",FAI,_,10/1/2009,10/1/2009,_,NE,,77,770,770
S,"Part Sale",3234752JP-3,BUY,,,1,0,3234752JP-3,925,1,163,8970,"Steven Enterprises Group, Inc",SEGI1,_,10/1/2009,10/1/2009,_,NE,,925,925,925
S,"Part Sale",151270JP,BUY,,,6,0,151270JP,76,1,36.13,8966,"Delta Air Lines, Inc.",DALI1,_,10/1/2009,10/1/2009,_,NE,,76,456,456
S,"Part Sale",3183387JP-1,BUY,,,1,0,3183387JP-1,725,1,80.61,8985,"GA Telesis CR Group SE, LLC",CW1,_,10/2/2009,10/2/2009,_,NE,,725,725,725
S,"Part Sale",329282JP,BUY,,,12,0,329282JP,50,1,0.89,8982,"Delta Air Lines, Inc.",DALI1,_,10/2/2009,10/2/2009,_,NE,,50,600,600
S,"Part Sale",778839JP-20,BUY,,,5,0,778839JP-20,252,1,64.6,8981,"Delta Air Lines, Inc.",DALI1,_,10/2/2009,10/2/2009,_,NE,,252,1260,1260
S,"Part Sale",SYLC1532FA,BUY,,,5,0,SYLC1532FA,412.5,1,264.25,8980,"Future Aviation Inc.",FAI,_,10/2/2009,10/2/2009,_,NE,,412.5,2062.5,2062.5
S,"Part Sale",3175956JP-4,BUY,,,1,1,3175956JP-4,1019,1,0,8979,"Aero Inventory",AI1,_,10/2/2009,,_,NE,X,1019,1019,1019
S,"Part Sale",857621JP-2,BUY,,,8,8,857621JP-2,69,1,18.85,8978,"American Airlines, INC",AAIR,_,10/2/2009,,_,NE,X,69,552,552
S,"Part Sale",88373A,BUY,,,1,0,88373A,621,1,399,8977,"Skywest Airlines",SKYW,_,10/2/2009,10/6/2009,_,NE,,621,621,621
S,"Part Sale",88373A,BUY,,,1,0,88373A,550,1,399,8976,"Pinnacle Airlines",PINA,_,10/2/2009,10/2/2009,_,NE,,550,550,550
S,"Part Sale",88373A,BUY,,,7,0,88373A,550,1,399,8975,"Pinnacle Airlines",PINA,_,10/2/2009,10/2/2009,_,NE,,550,3850,3850
S,"Part Sale",757484JP,BUY,,,6,0,757484JP,2580,1,0,8974,"United Airlines, Inc.",UAI2,_,10/2/2009,,_,NE,X,2580,15480,15480
S,"Part Sale",757484JP,BUY,,,6,0,757484JP,2580,1,0,8973,"United Airlines, Inc.",UAI2,_,10/2/2009,,_,NE,X,2580,15480,15480
S,"Part Sale",757484JP,BUY,,,21,3,757484JP,2580,1,740,8972,"United Airlines, Inc.",UAI2,_,10/2/2009,,_,NE,X,2580,54180,54180
S,"Part Sale",753314JP-6,BUY,,,1,0,753314JP-6,259,1,61.5,8984,"Avborne Accessory Group, Inc.",AAGI1,_,10/2/2009,10/2/2009,_,NE,,259,259,259
S,"Part Sale",3177656JP-1,BUY,,,1,1,3177656JP-1,73,1,14.3,8986,"Jet Accessories Technicians, Inc.",JATI1,_,10/5/2009,,_,NE,X,73,73,73
S,"Part Sale",3175956JP-4,BUY,,,10,10,3175956JP-4,787,1,281.49,8987,"Lufthansa Technik",LT1,_,10/5/2009,,_,NE,X,787,7870,7870
S,"Part Sale",362546JP,BUY,,,1,0,362546JP,1817,1,300,9001,"Future Aviation Inc.",FAI,_,10/5/2009,10/6/2009,_,NE,,1817,1817,1817
S,"Part Sale",341659JP,BUY,,,1,0,341659JP,809,1,88.64,9001,"Future Aviation Inc.",FAI,_,10/5/2009,10/6/2009,_,NE,,809,809,809
S,"Part Sale",297033JP,BUY,,,2,0,297033JP,119,1,33.78,9001,"Future Aviation Inc.",FAI,_,10/5/2009,10/6/2009,_,NE,,119,238,238
S,"Part Sale",887263JP,BUY,,,1,0,887263JP,114,1,8.49,9001,"Future Aviation Inc.",FAI,_,10/5/2009,10/6/2009,_,NE,,114,114,114
S,"Part Sale",3163268JP-4,BUY,,,4,0,3163268JP-4,155,1,44,9000,"Accessory Technologies Corporation",ATC,_,10/5/2009,10/6/2009,_,NE,,155,620,620
S,"Part Sale",3165433JP-1,BUY,,,1,1,3165433JP-1,54,1,25.25,8999,"Aerotron Airpower",AA2,_,10/5/2009,,_,NE,X,54,54,54
S,"Part Sale",3165433JP-1,BUY,,,1,1,3165433JP-1,54,1,25.25,8998,"Aerotron Airpower",AA2,_,10/5/2009,,_,NE,X,54,54,54
S,"Part Sale",3163268JP-11,BUY,,,6,6,3163268JP-11,143.1,1,54,8997,"Aerotron Airpower",AA2,_,10/5/2009,,_,NE,X,143.1,858.6,858.6
S,"Part Sale",3175956JP-3,BUY,,,1,0,3175956JP-3,1749,1,241.68,8995,"World Wide Accessories",WWA,_,10/5/2009,10/5/2009,_,NE,,1749,1749,1749
S,"Part Sale",88373A,BUY,,,1,0,88373A,621,1,399,8996,"Skywest Airlines",SKYW,_,10/5/2009,10/8/2009,_,NE,,621,621,621
S,"Part Sale",3175956JP-3,BUY,,,3,0,3175956JP-3,1195,1,241.68,8988,"Lufthansa Technik",LT1,_,10/5/2009,10/12/2009,_,NE,,1195,3585,3585
S,"Part Sale",887299JP,BUY,,,5,0,887299JP,124,1,54,8989,"Aviatron Inc.",AVII,_,10/5/2009,10/5/2009,_,NE,,124,620,620
S,"Part Sale",2793856JP-101,BUY,,,3,0,2793856JP-101,214,1,22.5,8990,"Delta Air Lines, Inc.",DALI1,_,10/5/2009,10/5/2009,_,NE,,214,642,642
S,"Part Sale",571056JP,BUY,,,2,0,571056JP,96,1,47.95,8991,"Delta Air Lines, Inc.",DALI1,_,10/5/2009,10/5/2009,_,NE,,96,192,192
S,"Part Sale",379251JP,BUY,,,7,0,379251JP,237,1,106.44,8992,"Delta Air Lines, Inc.",DALI1,_,10/5/2009,10/5/2009,_,NE,,237,1659,1659
S,"Part Sale",KJB990603V,BUY,,,5,0,KJB990603V,38.74,1,17.6,8993,Comair,COMAIR,_,10/5/2009,10/5/2009,_,NE,,38.74,193.7,193.7
S,"Part Sale",KJB990903V,BUY,,,12,0,KJB990903V,38.74,1,25,8993,Comair,COMAIR,_,10/5/2009,10/5/2009,_,NE,,38.74,464.88,464.88
S,"Part Sale",P00022,BUY,,,1,0,P00022,133,1,85.5,9004,"Delta Air Lines, Inc.",DALI1,_,10/6/2009,10/6/2009,_,NE,,133,133,133
S,"Part Sale",P00021,BUY,,,3,0,P00021,102,1,56.7,9003,"Delta Air Lines, Inc.",DALI1,_,10/6/2009,10/6/2009,_,NE,,102,306,306
S,"Part Sale",3173777JP-2,BUY,,,2,0,3173777JP-2,129,1,60,9002,"Delta Air Lines, Inc.",DALI1,_,10/6/2009,10/8/2009,_,NE,,129,258,258
S,"Part Sale",3179816JP-1,BUY,,,2,0,3179816JP-1,87,1,32,9011,"Aero Technologies, LLC",ATL1,_,10/6/2009,10/6/2009,_,NE,,87,174,174
S,"Part Sale",601R21145JP-2,BUY,,,8,0,601R21145JP-2,135,1,53.9,9010,"Pinnacle Airlines",PINA,_,10/6/2009,10/6/2009,_,NE,,135,1080,1080
S,"Part Sale",645134JP-1,BUY,,,1,0,645134JP-1,1985,1,0,9011,"Aero Technologies, LLC",ATL1,_,10/6/2009,10/6/2009,_,NE,,1985,1985,1985
S,"Part Sale",601R21145JP-1,BUY,,,5,0,601R21145JP-1,125,1,52.4,9008,"Pinnacle Airlines",PINA,_,10/6/2009,10/6/2009,_,NE,,125,625,625
S,"Part Sale",3177656JP-1,BUY,,,9,0,3177656JP-1,147,1,14.3,9007,"Delta Air Lines, Inc.",DALI1,_,10/6/2009,10/6/2009,_,NE,,147,1323,1323
S,"Part Sale",5823512JP-101,BUY,,,1,0,5823512JP-101,288,1,71,9006,"Delta Air Lines, Inc.",DALI1,_,10/6/2009,10/6/2009,_,NE,,288,288,288
S,"Part Sale",3179816JP-1,BUY,,,15,0,3179816JP-1,114,1,32,9005,"Delta Air Lines, Inc.",DALI1,_,10/6/2009,10/6/2009,_,NE,,114,1710,1710
S,"Part Sale",2793913JP-101,BUY,,,1,0,2793913JP-101,159,1,15.4,9009,"Perform Air International",PAI1,_,10/6/2009,10/6/2009,_,NE,,159,159,159
S,"Part Sale",887346JP,BUY,,,1,0,887346JP,219,1,109,9015,"Aviatron Inc.",AVII,_,10/7/2009,10/7/2009,_,NE,,219,219,219
S,"Part Sale",887347JP,BUY,,,1,0,887347JP,255,1,84,9015,"Aviatron Inc.",AVII,_,10/7/2009,10/7/2009,_,NE,,255,255,255
S,"Part Sale",887348JP,BUY,,,1,0,887348JP,255,1,84,9015,"Aviatron Inc.",AVII,_,10/7/2009,10/7/2009,_,NE,,255,255,255
S,"Part Sale",887349JP,BUY,,,1,0,887349JP,167,1,0,9015,"Aviatron Inc.",AVII,_,10/7/2009,10/7/2009,_,NE,,167,167,167
S,"Part Sale",887350JP,BUY,,,1,0,887350JP,167,1,0,9015,"Aviatron Inc.",AVII,_,10/7/2009,10/7/2009,_,NE,,167,167,167
S,"Part Sale",88373A,BUY,,,1,0,88373A,621,1,399,9017,"Skywest Airlines",SKYW,_,10/7/2009,10/9/2009,_,NE,,621,621,621
S,"Part Sale",887351JP,BUY,,,1,0,887351JP,167,1,84,9015,"Aviatron Inc.",AVII,_,10/7/2009,10/7/2009,_,NE,,167,167,167
S,"Part Sale",601R41450JP-9,BUY,,,3,0,601R41450JP-9,195,1,65.77,9016,"Skywest Airlines",SKYW,_,10/7/2009,10/9/2009,_,NE,,195,585,585
S,"Part Sale",3179408JP-2,BUY,,,1,0,3179408JP-2,1588,1,567.37,9018,"Summit Accessory Services, Inc",SASI1,_,10/7/2009,10/7/2009,_,NE,,1588,1588,1588
S,"Part Sale",3179414JP-1,BUY,,,1,0,3179414JP-1,2577,1,404.61,9018,"Summit Accessory Services, Inc",SASI1,_,10/7/2009,10/7/2009,_,NE,,2577,2577,2577
S,"Part Sale",3179515JP-1,BUY,,,1,0,3179515JP-1,1889,1,99.37,9018,"Summit Accessory Services, Inc",SASI1,_,10/7/2009,10/7/2009,_,NE,,1889,1889,1889
S,"Part Sale",88373A,BUY,,,1,0,88373A,749,1,399,9019,Comair,COMAIR,_,10/7/2009,10/8/2009,_,NE,,749,749,749
S,"Part Sale",APM3864070-503,BUY,,,4,0,APM3864070-503,235,1,160,9019,Comair,COMAIR,_,10/7/2009,10/8/2009,_,NE,,235,940,940
S,"Part Sale",3173777JP-2,BUY,,,2,0,3173777JP-2,107,1,60,9020,"AE&C Services",AS1,_,10/7/2009,10/7/2009,_,NE,,107,214,214
S,"Part Sale",P00324,BUY,,,15,0,P00324,26.5,1,12.86,9021,"Delta Air Lines, Inc.",DALI1,_,10/7/2009,10/7/2009,_,NE,,26.5,397.5,397.5
S,"Part Sale",729230JP,BUY,,,1,0,729230JP,572,1,165.11,9022,"Delta Air Lines, Inc.",DALI1,_,10/7/2009,10/7/2009,_,NE,,572,572,572
S,"Part Sale",P00022,BUY,,,4,4,P00022,133,1,85.5,9023,"Delta Air Lines, Inc.",DALI1,_,10/7/2009,,_,NE,X,133,532,532
S,"Part Sale",729234JP,BUY,,,4,0,729234JP,570,1,176.35,9024,"Delta Air Lines, Inc.",DALI1,_,10/7/2009,10/7/2009,_,NE,X,570,2280,2280
S,"Part Sale",728908JP,BUY,,,6,0,728908JP,575,1,122.97,9025,"Delta Air Lines, Inc.",DALI1,_,10/7/2009,10/7/2009,_,NE,,575,3450,3450
S,"Part Sale",5823512JP-101,BUY,,,1,0,5823512JP-101,288,1,71,9026,"Delta Air Lines, Inc.",DALI1,_,10/7/2009,10/7/2009,_,NE,,288,288,288
S,"Part Sale",3179816JP-1,BUY,,,6,0,3179816JP-1,114,1,32,9027,"Delta Air Lines, Inc.",DALI1,_,10/7/2009,10/7/2009,_,NE,,114,684,684
S,"Part Sale",5883174JP-101,BUY,,,1,0,5883174JP-101,216,1,8.43,9028,"Delta Air Lines, Inc.",DALI1,_,10/7/2009,10/7/2009,_,NE,,216,216,216
S,"Part Sale",3238470JP-21,BUY,,,6,0,3238470JP-21,2028,1,0,9029,"AAR  Amsterdam",A18,_,10/7/2009,,_,NE,X,2028,12168,12168
S,"Part Sale",3238470JP-23,BUY,,,5,0,3238470JP-23,101,1,25.64,9029,"AAR  Amsterdam",A18,_,10/7/2009,10/8/2009,_,NE,X,101,505,505
S,"Part Sale",601R21145JP-1,BUY,,,3,0,601R21145JP-1,125,1,52.4,9030,"Pinnacle Airlines",PINA,_,10/7/2009,10/8/2009,_,NE,,125,375,375
S,"Part Sale",540-1848JP-1,BUY,,,5,5,540-1848JP-1,315,1,98.75,9031,"Lufthansa Technik",LT1,_,10/7/2009,,_,NE,X,315,1575,1575
S,"Part Sale",3163268JP-4,BUY,,,4,0,3163268JP-4,155,1,44,9032,"Accessory Technologies Corporation",ATC,_,10/7/2009,10/8/2009,_,NE,,155,620,620
S,"Part Sale",297033JP,BUY,,,2,0,297033JP,119,1,33.78,9033,"Future Aviation Inc.",FAI,_,10/7/2009,10/8/2009,_,NE,,119,238,238
M,"Credit Memo",3504845JP-1,BUY,,,-2,0,3504845JP-1,4986,1,349.2,8819,"Delta Air Lines, Inc.",DALI1,_,10/7/2009,10/7/2009,_,NE,,4986,-9972,-9972
S,"Part Sale",88373A,BUY,,,1,0,88373A,749,1,399,9012,Comair,COMAIR,_,10/7/2009,10/8/2009,_,NE,,749,749,749
S,"Part Sale",M6500AC-40,BUY,,,8,0,M6500AC-40,66,1,39.5,9013,Comair,COMAIR,_,10/7/2009,10/8/2009,_,NE,,66,528,528
S,"Part Sale",APM3864070-503,BUY,,,10,0,APM3864070-503,235,1,160,9014,Comair,COMAIR,_,10/7/2009,10/8/2009,_,NE,,235,2350,2350
S,"Part Sale",SYLC1532FA,BUY,,,2,0,SYLC1532FA,350,1,264.25,9034,"Accessory Technologies Corporation",ATC,_,10/8/2009,10/8/2009,_,NE,,350,700,700
S,"Part Sale",728908JP,BUY,,,8,0,728908JP,575,1,122.97,9035,"Delta Air Lines, Inc.",DALI1,_,10/8/2009,10/9/2009,_,NE,X,575,4600,4600
S,"Part Sale",KJB991303V,BUY,,,3,0,KJB991303V,38.74,1,21.25,9038,Comair,COMAIR,_,10/8/2009,10/14/2009,_,NE,,38.74,116.22,116.22
S,"Part Sale",3179816JP-1,BUY,,,6,0,3179816JP-1,114,1,32,9037,"Delta Air Lines, Inc.",DALI1,_,10/8/2009,10/8/2009,_,NE,,114,684,684
S,"Part Sale",3179818JP-1,BUY,,,3,0,3179818JP-1,270,1,26.5,9036,"Delta Air Lines, Inc.",DALI1,_,10/8/2009,10/8/2009,_,NE,,270,810,810
S,"Part Sale",3163268JP-9,BUY,,,15,15,3163268JP-9,200,1,32,9039,"Lufthansa Technik",LT1,_,10/9/2009,,_,NE,X,200,3000,3000
S,"Part Sale",3183387JP-1,BUY,,,15,15,3183387JP-1,550,1,80.61,9040,"Lufthansa Technik",LT1,_,10/9/2009,,_,NE,X,550,8250,8250
S,"Part Sale",601R41450JP-9,BUY,,,6,0,601R41450JP-9,195,1,65.77,9041,"Skywest Airlines",SKYW,_,10/9/2009,10/13/2009,_,NE,,195,1170,1170
S,"Part Sale",88373A,BUY,,,1,1,88373A,621,1,399,9042,"Skywest Airlines",SKYW,_,10/9/2009,,_,NE,X,621,621,621
S,"Part Sale",88373A,BUY,,,1,1,88373A,621,1,399,9042,"Skywest Airlines",SKYW,_,10/9/2009,,_,NE,X,621,621,621
S,"Part Sale",749094JP-1,BUY,,,2,0,749094JP-1,147,1,36,9046,"Aero Technologies, LLC",ATL1,_,10/9/2009,10/9/2009,_,NE,,147,294,294
S,"Part Sale",S5574-1,BUY,,,35,28,S5574-1,30,1,20.5,9044,Comair,COMAIR,_,10/9/2009,,_,NE,X,30,1050,1050
S,"Part Sale",3163268JP-4,BUY,,,6,0,3163268JP-4,155,1,44,9045,"Accessory Technologies Corporation",ATC,_,10/9/2009,10/9/2009,_,NE,,155,930,930
S,"Part Sale",5750140FA,BUY,,,4,0,5750140FA,450,1,339.75,9045,"Accessory Technologies Corporation",ATC,_,10/9/2009,10/9/2009,_,NE,,450,1800,1800
S,"Part Sale",2047168-8FA,BUY,,,6,0,2047168-8FA,159,1,127.6,9046,"Aero Technologies, LLC",ATL1,_,10/9/2009,10/9/2009,_,NE,,159,954,954
S,"Part Sale",3163268JP-9,BUY,,,1,0,3163268JP-9,295,1,32,9043,"Atlas Aerospace Accessories, Inc.",AAAI1,_,10/9/2009,10/12/2009,_,NE,,295,295,295
S,"Part Sale",3168988JP-8,BUY,,,4,4,3168988JP-8,1607,1,1823.53,9047,"American Airlines, INC",AAIR,_,10/12/2009,,_,NE,X,1607,6428,6428
S,"Part Sale",3507487JP-1,BUY,,,20,20,3507487JP-1,38,1,20.75,9048,"Lufthansa Technik",LT1,_,10/12/2009,,_,NE,X,38,760,760
S,"Part Sale",3170426JP-2,BUY,,,1,0,3170426JP-2,1495,1,219.87,9043,"Atlas Aerospace Accessories, Inc.",AAAI1,_,10/12/2009,10/12/2009,_,NE,,1495,1495,1495
S,"Part Sale",3183387JP-1,BUY,,,1,0,3183387JP-1,725,1,80.61,9043,"Atlas Aerospace Accessories, Inc.",AAAI1,_,10/12/2009,10/12/2009,_,NE,,725,725,725
S,"Part Sale",3175956JP-3,BUY,,,1,0,3175956JP-3,1654,1,241.68,9049,"American Cooler Service, Inc",ACSI1,_,10/12/2009,10/12/2009,_,NE,,1654,1654,1654
S,"Part Sale",624912JP,BUY,,,1,0,624912JP,14.95,1,1.06,9052,"Northwings Accessories Corp.",NA1,_,10/12/2009,10/12/2009,_,NE,,14.95,14.95,14.95
S,"Part Sale",3175956JP-3,BUY,,,5,0,3175956JP-3,1749,1,241.68,9050,"Japan Airlines Int. Co., Ltd.",JAICL1,_,10/12/2009,10/12/2009,_,NE,,1749,8745,8745
S,"Part Sale",3238470JP-27,BUY,,,4,0,3238470JP-27,209,1,20.04,9054,"Accessory Technologies Corporation",ATC,_,10/12/2009,10/14/2009,_,NE,X,209,836,836
S,"Part Sale",3238470JP-23,BUY,,,2,0,3238470JP-23,125,1,25.64,9054,"Accessory Technologies Corporation",ATC,_,10/12/2009,10/14/2009,_,NE,X,125,250,250
S,"Part Sale",624912JP,BUY,,,1,0,624912JP,14.95,1,1.06,9052,"Northwings Accessories Corp.",NA1,_,10/12/2009,10/12/2009,_,NE,,14.95,14.95,14.95
S,"Part Sale",3238470JP-23,BUY,,,3,0,3238470JP-23,122,1,25.64,9052,"Northwings Accessories Corp.",NA1,_,10/12/2009,10/12/2009,_,NE,,122,366,366
S,"Part Sale",3179816JP-1,BUY,,,4,0,3179816JP-1,109,1,32,9049,"American Cooler Service, Inc",ACSI1,_,10/12/2009,10/12/2009,_,NE,,109,436,436
S,"Part Sale",974345JP,BUY,,,6,0,974345JP,69,1,0.55,9063,"Thrust-Tech Aviation, Inc.",TAI1,_,10/13/2009,10/13/2009,_,NE,,69,414,414
S,"Part Sale",3029021JP-001,BUY,,,5,0,3029021JP-001,67,1,0.36,9063,"Thrust-Tech Aviation, Inc.",TAI1,_,10/13/2009,10/13/2009,_,NE,,67,335,335
S,"Part Sale",887299JP,BUY,,,1,0,887299JP,124,1,54,9064,"Future Aviation Inc.",FAI,_,10/13/2009,10/13/2009,_,NE,,124,124,124
S,"Part Sale",452T1632JP-10,BUY,,,3,0,452T1632JP-10,656,1,113.82,9065,"Aveos Fleet Performance Inc.",ACTS1,_,10/13/2009,10/13/2009,_,NE,,656,1968,1968
S,"Part Sale",5907658JP,BUY,,,22,0,5907658JP,130,1,57.8,9066,"Delta Air Lines, Inc.",DALI1,_,10/13/2009,10/13/2009,_,NE,,130,2860,2860
S,"Part Sale",3181634JP-1,BUY,,,1,0,3181634JP-1,1395,1,240.21,9067,"Aviation Representatives",AR2,_,10/13/2009,10/13/2009,_,NE,,1395,1395,1395
S,"Part Sale",757485AVS,BUY,,,3,0,757485AVS,500,1,218,9068,"Delta Air Lines, Inc.",DALI1,_,10/13/2009,10/13/2009,_,NE,,500,1500,1500
S,"Part Sale",3163666JP-4,BUY,,,1,0,3163666JP-4,95,1,28,9069,"Paz Aviation",PA1,_,10/13/2009,10/13/2009,_,NE,,95,95,95
S,"Part Sale",3238470JP-21,BUY,,,1,0,3238470JP-21,2684,1,0,9054,"Accessory Technologies Corporation",ATC,_,10/13/2009,,_,NE,X,2684,2684,2684
S,"Part Sale",341659JP,BUY,,,1,0,341659JP,809,1,88.64,9070,"AAR Aircraft Components Services",AACS2,_,10/13/2009,10/13/2009,_,NE,,809,809,809
S,"Part Sale",10-900-17A-2,BUY,,,2,0,10-900-17A-2,31,1,22.25,9071,Comair,COMAIR,_,10/13/2009,10/14/2009,_,NE,,31,62,62
S,"Part Sale",10-900-28A-2,BUY,,,2,0,10-900-28A-2,48.5,1,39.5,9071,Comair,COMAIR,_,10/13/2009,10/14/2009,_,NE,,48.5,97,97
S,"Part Sale",405243JP,BUY,,,3,0,405243JP,77,1,19.95,9072,"Thrust-Tech Aviation, Inc.",TAI1,_,10/13/2009,10/13/2009,_,NE,,77,231,231
S,"Part Sale",3235901JP-4,BUY,,,1,0,3235901JP-4,5195,1,666.25,9055,"GA Telesis CR Group SE, LLC",CW1,_,10/13/2009,10/13/2009,_,NE,,5195,5195,5195
S,"Part Sale",947782JP-1,BUY,,,24,24,947782JP-1,126,1,20.35,9056,"Delta Air Lines, Inc.",DALI1,_,10/13/2009,,_,NE,X,126,3024,3024
S,"Part Sale",3238470JP-27,BUY,,,15,0,3238470JP-27,170,1,20.04,9057,"Northwings Accessories Corp.",NA1,_,10/13/2009,10/13/2009,_,NE,,170,2550,2550
S,"Part Sale",3238470JP-23,BUY,,,5,0,3238470JP-23,122,1,25.64,9057,"Northwings Accessories Corp.",NA1,_,10/13/2009,10/13/2009,_,NE,,122,610,610
S,"Part Sale",2047168-8FA,BUY,,,4,0,2047168-8FA,159,1,127.6,9058,"Aero Technologies, LLC",ATL1,_,10/13/2009,10/13/2009,_,NE,,159,636,636
S,"Part Sale",3174501JP-1,BUY,,,50,50,3174501JP-1,155,1,77.95,9059,"Lufthansa Technik",LT1,_,10/13/2009,,_,NE,X,155,7750,7750
S,"Part Sale",858886JP-42,BUY,,,100,100,858886JP-42,82,1,36,9060,"Lufthansa Technik",LT1,_,10/13/2009,,_,NE,X,82,8200,8200
S,"Part Sale",540-1621JP-1,BUY,,,5,5,540-1621JP-1,749,1,66.69,9061,"Lufthansa Technik",LT1,_,10/13/2009,,_,NE,X,749,3745,3745
S,"Part Sale",624912JP,BUY,,,5,0,624912JP,14.95,1,1.06,9063,"Thrust-Tech Aviation, Inc.",TAI1,_,10/13/2009,10/13/2009,_,NE,,14.95,74.75,74.75
S,"Part Sale",3181768JP-1,BUY,,,100,0,3181768JP-1,392,1,0,9073,"Lufthansa Technik",LT1,_,10/14/2009,,_,NE,X,392,39200,39200
S,"Part Sale",3163268JP-4,BUY,,,9,9,3163268JP-4,155,1,44,9088,"Aerotron Airpower",AA2,_,10/14/2009,,_,NE,X,155,1395,1395
S,"Part Sale",601R21145JP-2,BUY,,,4,4,601R21145JP-2,135,1,53.9,9075,"Pinnacle Airlines",PINA,_,10/14/2009,,_,NE,X,135,540,540
S,"Part Sale",740925JP-6,BUY,,,4,4,740925JP-6,81,1,6.5,9076,"Aero Technologies, LLC",ATL1,_,10/14/2009,,_,NE,X,81,324,324
S,"Part Sale",348024JP,BUY,,,10,10,348024JP,44,1,0.46,9077,"Thrust-Tech Aviation, Inc.",TAI1,_,10/14/2009,,_,NE,X,44,440,440
S,"Part Sale",890571JP,BUY,,,5,5,890571JP,95,1,4.76,9077,"Thrust-Tech Aviation, Inc.",TAI1,_,10/14/2009,,_,NE,X,95,475,475
S,"Part Sale",601R21145JP-1,BUY,,,5,5,601R21145JP-1,125,1,52.4,9078,"Skywest Airlines",SKYW,_,10/14/2009,,_,NE,X,125,625,625
S,"Part Sale",95D94-1FA,BUY,,,1,1,95D94-1FA,250,1,188.75,9079,"Accessory Technologies Corporation",ATC,_,10/14/2009,,_,NE,X,250,250,250
S,"Part Sale",95D94-2FA,BUY,,,1,1,95D94-2FA,250,1,188.75,9079,"Accessory Technologies Corporation",ATC,_,10/14/2009,,_,NE,X,250,250,250
S,"Part Sale",3175956JP-3,BUY,,,5,5,3175956JP-3,1749,1,241.68,9062,"Japan Airlines Int. Co., Ltd.",JAICL1,_,10/14/2009,,_,NE,X,1749,8745,8745
S,"Part Sale",569743JP,BUY,,,1,1,569743JP,334,1,96.65,9080,"Delta Air Lines, Inc.",DALI1,_,10/14/2009,,_,NE,X,334,334,334
S,"Part Sale",P00359,BUY,,,13,13,P00359,26,1,20,9081,"Delta Air Lines, Inc.",DALI1,_,10/14/2009,,_,NE,X,26,338,338
S,"Part Sale",88373A,BUY,,,3,3,88373A,550,1,399,9082,"Pinnacle Airlines",PINA,_,10/14/2009,,_,NE,X,550,1650,1650
S,"Part Sale",3235901JP-4,BUY,,,5,5,3235901JP-4,3495,1,666.25,9083,"Southern Aeroparts - Ametek",SA1,_,10/14/2009,,_,NE,X,3495,17475,17475
S,"Part Sale",228-50915-103JP,BUY,,,30,30,228-50915-103JP,20.8,1,6.96,9084,Comair,COMAIR,_,10/14/2009,,_,NE,X,20.8,624,624
S,"Part Sale",2793916JP-101,BUY,,,1,1,2793916JP-101,585,1,39.16,9085,"Aveos Fleet Performance Inc.",ACTS1,_,10/14/2009,,_,NE,X,585,585,585
S,"Part Sale",3177934JP-1,BUY,,,8,8,3177934JP-1,355,1,77.25,9089,"Avborne Accessory Group, Inc.",AAGI1,_,10/14/2009,,_,NE,X,355,2840,2840
S,"Part Sale",88373A,BUY,,,2,2,88373A,795,1,399,9090,"Mesa Airlines",MA3,_,10/14/2009,,_,NE,X,795,1590,1590
S,"Part Sale",3234178JP-2,BUY,,,2,2,3234178JP-2,225,1,33,9086,"Aerotron Airpower",AA2,_,10/14/2009,,_,NE,X,225,450,450
S,"Part Sale",3234178JP-2,BUY,,,2,2,3234178JP-2,225,1,33,9087,"Aerotron Airpower",AA2,_,10/14/2009,,_,NE,X,225,450,450
S,"Part Sale",3171680JP-1,BUY,,,25,25,3171680JP-1,194,1,35.25,9074,"Lufthansa Technik",LT1,_,10/14/2009,,_,NE,X,194,4850,4850
